item_name,category,lot_number,initial_quantity,unit_size,expiration_date,qc_status,status
MgCl2 10xPCR rxn buffer,Sequencing primers,Ref Y02028,1.0,300ul,2026-12-31,PENDING,ACTIVE
MgCl2 10xPCR rxn buffer,Sequencing primers,Ref Y02028,1.0,1.2ml,2026-12-31,PENDING,ACTIVE
KB extender,Sequencing primers,Ref 100017874,1.0,1.3ml,2026-12-31,PENDING,ACTIVE
Pfcrt-Rv,Sequencing primers,Code:3550),1.0,1 unit,2026-12-31,PENDING,ACTIVE
Pfcrt-Fw,Sequencing primers,Code:3551),1.0,1 unit,2026-12-31,PENDING,ACTIVE
K13-Fw,Sequencing primers,Code:3549),1.0,1 unit,2026-12-31,PENDING,ACTIVE
K13-Rv,Sequencing primers,Code:3552,1.0,1 unit,2026-12-31,PENDING,ACTIVE
Pf mdr1-Rv,Sequencing primers,Code:3554,1.0,1 unit,2026-12-31,PENDING,ACTIVE
Pf mdr1-Rv,Sequencing primers,Code:3553,1.0,1 unit,2026-12-31,PENDING,ACTIVE
Pfcrt-Fw,Sequencing primers,Code:198,1.0,1 unit,2026-12-31,PENDING,ACTIVE
Pfcrt-Rv,Sequencing primers,Code:199,1.0,1 unit,2026-12-31,PENDING,ACTIVE
Pfdhps-Rv,Sequencing primers,Code:3560,1.0,1 unit,2026-12-31,PENDING,ACTIVE
Pfdhps-Fw,Sequencing primers,Code: 3559,1.0,1 unit,2026-12-31,PENDING,ACTIVE
Pfcrt-F1,Sequencing primers,LOT-15-SEQ,1.0,Received reconstitute,2026-12-31,PENDING,ACTIVE
Pfcrt-R1 sequence,Sequencing primers,LOT-16-SEQ,1.0,Received reconstitute,2026-12-31,PENDING,ACTIVE
Pfdhps-F,Sequencing primers,LOT-17-SEQ,1.0,Received reconstitute,2026-12-31,PENDING,ACTIVE
Pfdhps-R,Sequencing primers,LOT-18-SEQ,1.0,Received reconstitute,2026-12-31,PENDING,ACTIVE
plasmepsin 3R,Sequencing primers,LOT-23-SEQ,1.0,1 unit,2021-12-20,PENDING,ACTIVE
plasmepsin 2R,Sequencing primers,LOT-24-SEQ,1.0,1 unit,2021-12-21,PENDING,ACTIVE
plasmepsin 2F,Sequencing primers,LOT-25-SEQ,1.0,1 unit,2021-12-22,PENDING,ACTIVE
plasmepsin 3F,Sequencing primers,LOT-26-SEQ,1.0,1 unit,2021-12-23,PENDING,ACTIVE
plasmepsin 3P,Sequencing primers,LOT-27-SEQ,1.0,1 unit,2021-12-24,PENDING,ACTIVE
plasmepsin 2P,Sequencing primers,LOT-28-SEQ,1.0,1 unit,2022-01-22,PENDING,ACTIVE
Pf 18s fwd,Sequencing primers,LOT-29-SEQ,2.0,1 unit,2021-12-20,PENDING,ACTIVE
Pf 18s rev,Sequencing primers,LOT-30-SEQ,2.0,1 unit,2021-12-21,PENDING,ACTIVE
Beta tubulin F,Sequencing primers,LOT-31-SEQ,1.0,1 unit,2021-12-22,PENDING,ACTIVE
beta tubulin R,Sequencing primers,LOT-32-SEQ,1.0,1 unit,2022-01-21,PENDING,ACTIVE
beta tublin P,Sequencing primers,LOT-33-SEQ,1.0,1 unit,2022-01-22,PENDING,ACTIVE
cyt B-F1,Sequencing primers,LOT-34-SEQ,1.0,1 unit,2022-01-23,PENDING,ACTIVE
cyt B-R1,Sequencing primers,LOT-35-SEQ,1.0,1 unit,2021-12-22,PENDING,ACTIVE
mitochndorion -R1,Sequencing primers,LOT-36-SEQ,1.0,1 unit,2021-12-23,PENDING,ACTIVE
mitochndorion -F1,Sequencing primers,LOT-37-SEQ,1.0,1 unit,2021-12-24,PENDING,ACTIVE
Pf k13-F1,Sequencing primers,LOT-38-SEQ,1.0,1 unit,2021-12-25,PENDING,ACTIVE
Pf k13-R1,Sequencing primers,LOT-39-SEQ,1.0,1 unit,2021-12-26,PENDING,ACTIVE
pfmdr1 F,Sequencing primers,LOT-40-SEQ,2.0,1 unit,2021-12-27,PENDING,ACTIVE
pfmdr1 R,Sequencing primers,LOT-41-SEQ,2.0,1 unit,2021-12-28,PENDING,ACTIVE
FastDigest Alul enzyme with buffer,Enzymes,#00582715,1.0,1 unit,2020-12-02,PENDING,ACTIVE
SmartCut enzyme with buffer,Enzymes,R01091,1.0,1 unit,2018-11-01,PENDING,ACTIVE
mbo II 5000 U/ml,Enzymes,911505.0,1.0,0.3,2017-05-31,PENDING,ACTIVE
"Nla III  10,000 U/ml",Enzymes,631507.0,2.0,0.25,2017-07-30,PENDING,ACTIVE
"Ase I  10,000 U/ml",Enzymes,131504.0,1.0,0.2,2017-04-30,PENDING,ACTIVE
"Fok I 5,000 U/ml",Enzymes,471601.0,1.0,1.0,2018-01-30,PENDING,ACTIVE
"Fok I 5,000 U/ml (cutsmart)",Enzymes,R0109L,1.0,1.0,2018-11-30,PENDING,ACTIVE
"Dra I  20,000 U/ml",Enzymes,R0129s,1.0,0.1,2017-02-01,PENDING,ACTIVE
"ApoI 10,000 U/ml",Enzymes,R0566s,1.0,0.1,2017-03-01,PENDING,ACTIVE
"Dde I   10,000 U/ml",Enzymes,R0175s,1.0,0.1,2017-03-02,PENDING,ACTIVE
"Eco RV 20,000 U/ml",Enzymes,R0195s,1.0,0.2,2016-08-01,PENDING,ACTIVE
NEBuffer  3.1  10x conc.,Enzymes,V7203S,5.0,1.25,2018-10-01,PENDING,ACTIVE
NEBuffer  4  10x conc.,Enzymes,B7004s,2.0,5.0,2015-03-01,PENDING,ACTIVE
"Afa I  1,000 U/ml",Enzymes,A2101 AA,1.0,1 unit,2011-11-01,PENDING,ACTIVE
Pvu II 15U/ml,Enzymes,k308 cc,1.0,3000.0,2007-11-01,PENDING,ACTIVE
10x M buffer,Enzymes,A1057,3.0,1.0,2026-12-31,PENDING,ACTIVE
cutsmart buffer  10x conc.,Enzymes,B7204s,3.0,1.25,2018-07-01,PENDING,ACTIVE
Qiagen rnase free water,Enzymes,1012888.0,4.0,1.9,2026-12-31,PENDING,ACTIVE
1KB + DNA ladder,Enzymes,1222859.0,1.0,1 unit,2026-12-31,PENDING,ACTIVE
0.1% BSA,Enzymes,A1084,1.0,1.0,2026-12-31,PENDING,ACTIVE
pscam II (alpha DNA),Enzymes,385914.0,1.0,1 unit,2026-12-31,PENDING,ACTIVE
T2 (alpha DNA),Enzymes,136322.0,1.0,1 unit,2026-12-31,PENDING,ACTIVE
ILRI 161108 R1 66.1 nmol,Enzymes,LOT-24-ENZ,1.0,6060.9,2026-12-31,PENDING,ACTIVE
ILRI 161108 R2 60.3 nmol,Enzymes,LOT-25-ENZ,1.0,603.1,2026-12-31,PENDING,ACTIVE
ILRI 161108 R3 60.5 nmol,Enzymes,LOT-26-ENZ,1.0,604.6,2026-12-31,PENDING,ACTIVE
ILRI 161108 F3 45.1 nmol,Enzymes,LOT-27-ENZ,1.0,451.1,2026-12-31,PENDING,ACTIVE
ILRI 161108 F2 45.1 nmol,Enzymes,LOT-28-ENZ,1.0,1 unit,2026-12-31,PENDING,ACTIVE
loading dye,Enzymes,LOT-29-ENZ,1.0,working,2026-12-31,PENDING,ACTIVE
Eurofins genomics 2R,Enzymes,LOT-30-ENZ,1.0,1 unit,2017-09-12,PENDING,ACTIVE
Eurofins genomics 1R,Enzymes,LOT-31-ENZ,1.0,1 unit,2017-09-12,PENDING,ACTIVE
Eurofins genomics pair 1R,Enzymes,LOT-32-ENZ,1.0,1 unit,2017-07-07,PENDING,ACTIVE
Eurofins genomics pair 2F,Enzymes,LOT-33-ENZ,1.0,1 unit,2017-07-08,PENDING,ACTIVE
Eurofins genomics pair 2R,Enzymes,LOT-34-ENZ,1.0,1 unit,2017-07-07,PENDING,ACTIVE
Eurofins genomics 2F,Enzymes,LOT-35-ENZ,1.0,1 unit,2017-09-12,PENDING,ACTIVE
Eurofins genomics 1F,Enzymes,LOT-36-ENZ,1.0,1 unit,2017-09-13,PENDING,ACTIVE
Eurofins genomics pair 1F,Enzymes,LOT-37-ENZ,1.0,1 unit,2017-07-07,PENDING,ACTIVE
10x M buffer,Enzymes,A1057,5.0,1.0,2026-12-31,PENDING,ACTIVE
Hae III,Enzymes,K1101ab,9.0,10.0,2007-10-01,PENDING,ACTIVE
Hha I,Enzymes,K1001db,3.0,10.0,2008-03-01,PENDING,ACTIVE
10x React 2,Enzymes,2709033.0,7.0,1.0,2026-12-31,PENDING,ACTIVE
quanti Tect probe PCR mastermix,Enzymes,124122541.0,2.0,1.7,2026-12-31,PENDING,ACTIVE
10x buffer T,Enzymes,A1030,1.0,1.0,2026-12-31,PENDING,ACTIVE
Hae III,Enzymes,R0108s,1.0,10.0,2024-11-01,PENDING,ACTIVE
Hha I,Enzymes,R0139s,1.0,0.1,2014-10-01,PENDING,ACTIVE
Hha1 use with react 2,Enzymes,270041.0,1.0,10.0,2010-02-28,PENDING,ACTIVE
10x react I,Enzymes,261211.0,1.0,1.0,2026-12-31,PENDING,ACTIVE
10x PCR buffer (-mgcl2),Enzymes,380788.0,1.0,1.25,2026-12-31,PENDING,ACTIVE
HuPoR (alpha DNA)(5' GGACTTCGTTTGTACCCGTTG ),Enzymes,319227.0,2.0,1 unit,2026-12-31,PENDING,ACTIVE
b- actin R (5' CGTCATACTCCTGCTTGCTGATCCACATCTGC),Enzymes,LOT-50-ENZ,1.0,1 unit,2026-12-31,PENDING,ACTIVE
LaeV5f (5' CGTGATGTGCCCGAGTGCA),Enzymes,LOT-51-ENZ,1.0,1 unit,2026-12-31,PENDING,ACTIVE
cpb EF rev,Enzymes,SY080901271-055,1.0,stock,2026-12-31,PENDING,ACTIVE
cpb EFfwd,Enzymes,SY080901271-056,1.0,stock,2026-12-31,PENDING,ACTIVE
K26 fwd,Enzymes,SY080901271-052,1.0,stock,2026-12-31,PENDING,ACTIVE
k26 rev,Enzymes,SY080901271-053,1.0,stock,2026-12-31,PENDING,ACTIVE
List R,Enzymes,Eppendorf tube,1.0,working,2026-12-31,PENDING,ACTIVE
10xFast DigestGreen Buffer,Enzymes,Lot00571275,1.0,1.0,2020-12-01,PENDING,ACTIVE
10xFast Digest Buffer (colorless),Enzymes,Lot00578850,1.0,1.0,2020-12-02,PENDING,ACTIVE
Fast Digest Buffer Alul,Enzymes,Lot00567623,1.0,100.0,2020-12-03,PENDING,ACTIVE
turbo DNase buffer, RNA extruction Magmax kit,402/4G,18.0,6.0,2026-12-31,PENDING,ACTIVE
RNA binding bead, RNA extruction Magmax kit,lot 01226797,16.0,1.1,2026-12-31,PENDING,ACTIVE
Elution buffer, RNA extruction Magmax kit,9918G6,19.0,9.0,2026-12-31,PENDING,ACTIVE
elution buffer  (opened), RNA extruction Magmax kit,9918G7,12.0,9.0,2026-12-31,PENDING,ACTIVE
turbo DNase buffer (opened), RNA extruction Magmax kit,402/4G,13.0,6.0,2026-12-31,PENDING,ACTIVE
G-OFprimer (Glurp) 2.5 nMol,Genotyping Pf,MRA-2016,1.0,stock,2026-12-31,PENDING,ACTIVE
OuterG4 for GLURP FW,Genotyping Pf,MRA-538,1.0,stock,2026-12-31,PENDING,ACTIVE
G-OR 2.5 nMol,Genotyping Pf,MRA-217,1.0,stock,2026-12-31,PENDING,ACTIVE
OuterG5 for GLURP RV,Genotyping Pf,MRA-539,1.0,stock,2026-12-31,PENDING,ACTIVE
Nested S4 for MSP-2 FW,Genotyping Pf,MRA-537,1.0,stock,2026-12-31,PENDING,ACTIVE
Nested S1 for MSP-2 FW,Genotyping Pf,MRA-536,1.0,stock,2026-12-31,PENDING,ACTIVE
MSP-2-S2 FW,Genotyping Pf,LOT-8-GEN,1.0,stock,2026-12-31,PENDING,ACTIVE
MSP-2-S3 RV,Genotyping Pf,LOT-9-GEN,1.0,stock,2026-12-31,PENDING,ACTIVE
MSP-2-S1 tail fw,Genotyping Pf,LOT-10-GEN,1.0,stock,2026-12-31,PENDING,ACTIVE
MSP2-FC27 RV (FAM dye labeled),Genotyping Pf,LOT-11-GEN,1.0,stock,2026-12-31,PENDING,ACTIVE
MSP2-3D7-RV (VIC dye labeled),Genotyping Pf,LOT-12-GEN,1.0,stock,2026-12-31,PENDING,ACTIVE
M1-OR 2.5 nMol (MSP1M1OR),Genotyping Pf,MRA-209,1.0,stock,2026-12-31,PENDING,ACTIVE
MSP1 M1 RV 2.5 nMol,Genotyping Pf,MRA-213,1.0,stock,2026-12-31,PENDING,ACTIVE
MSP1M1-FW 2.5 nMol,Genotyping Pf,MRA-212,1.0,stock,2026-12-31,PENDING,ACTIVE
MSP1M1-OF 2.5 nMol,Genotyping Pf,MRA-208,1.0,stock,2026-12-31,PENDING,ACTIVE
MSP1M1-KF 2.5 nMol,Genotyping Pf,MRA-210,1.0,stock,2026-12-31,PENDING,ACTIVE
MSP1M1-KR 2.5 nMol,Genotyping Pf,MRA-211,1.0,stock,2026-12-31,PENDING,ACTIVE
Nested N1 for MSP1 FW,Genotyping Pf,MRA-532,1.0,stock,2026-12-31,PENDING,ACTIVE
Nested N2 for MSP1 RV,Genotyping Pf,MRA-533,1.0,stock,2026-12-31,PENDING,ACTIVE
N2RPfmdr86,Genotyping Pf,SY170510116-064,1.0,Lyophilized,2026-12-31,PENDING,ACTIVE
N2RPfcrt,Genotyping Pf,SY170510116-063,1.0,Lyophilized,2026-12-31,PENDING,ACTIVE
N1FPfcrt,Genotyping Pf,SY170510116-062,1.0,Lyophilized,2026-12-31,PENDING,ACTIVE
N1FPfmdr1034,Genotyping Pf,SY170510118-087,1.0,Lyophilized,2026-12-31,PENDING,ACTIVE
96 DNA multi-sample kit 96 rxn,Mag Max ,4413021.0,36.0,stock,2026-12-31,PENDING,ACTIVE
96 DNA multi-sample kit,Mag Max ,4413021.0,25.0,1 unit,2026-12-31,PENDING,ACTIVE
96 DNA multi-sample kit 96rxn,Mag Max ,4413021.0,33.0,stock,2026-12-31,PENDING,ACTIVE
96 Blood RNA isolation kit (TURBO DNase & lysis binding inhancer),Mag Max ,AM1837,19.0,TURBO DNase 110 ul & lysis binding Enhancer 1.1 ml,2026-12-31,PENDING,ACTIVE
RNase A enzyme 1mg/ml,Mag Max ,lot 01029909,1.0,530.0,2026-12-31,PENDING,ACTIVE
proteinase K 100 mg/dl,Mag Max ,lot 01029936,1.0,used,2026-12-31,PENDING,ACTIVE
Mag max RNA isolation kit (used),Mag Max ,LOT-8-MAG,1.0,1 unit,2026-12-31,PENDING,ACTIVE
Dna /Rna index,Sequensing ,20026930.0,1.0,1 unit,2024-02-28,PENDING,ACTIVE
Dna /Rna index,Sequensing ,20026121.0,2.0,1 unit,2024-03-27,PENDING,ACTIVE
Dna /Rna index,Sequensing ,20026933.0,1.0,1 unit,2023-12-11,PENDING,ACTIVE
Dna /Rna index,Sequensing ,20026934.0,1.0,1 unit,2024-02-06,PENDING,ACTIVE
Dna prep PCR BUFFER,Sequensing ,20015829.0,4.0,1 unit,2023-06-06,PENDING,ACTIVE
Nextseq Accessory box v2,Sequensing ,15058251.0,2.0,1 unit,2023-09-10,PENDING,ACTIVE
Platinium Taq Dna polymerase,Sequensing ,10966034.0,7.0,1 unit,2023-09-13,PENDING,ACTIVE
Pf 18s probe,Sequensing ,230975330.0,1.0,1 unit,2026-12-31,PENDING,ACTIVE
Pv 18s probe,Sequensing ,230975334.0,1.0,1 unit,2026-12-31,PENDING,ACTIVE
dNTPs mix 10mM,Sequensing ,R0193,4.0,1 unit,2024-02-01,PENDING,ACTIVE
KAPA libarary Quant kit,Sequensing ,7960140001.0,2.0,1 unit,2024-08-03,PENDING,ACTIVE
nextseq 500/550 cartirage v2,Sequensing ,15057939.0,1.0,1 unit,2023-03-04,PENDING,ACTIVE
nextseq 500/550 cartirage v3,Sequensing ,15057939.0,2.0,1 unit,2023-09-30,PENDING,ACTIVE
Iseq 100 reagent cartridge,Sequensing ,20009584.0,3.0,1 unit,2023-05-13,PENDING,ACTIVE
HF DNA polymerase,Sequensing ,M0530L,2.0,500.0,2023-10-01,PENDING,ACTIVE
KAPA libarary Quant kit,Sequensing ,7960140001.0,2.0,1 unit,2024-10-13,PENDING,ACTIVE
Dna /Rna index set B,Sequensing ,20025080.0,1.0,1 unit,2023-12-14,PENDING,ACTIVE
Dna /Rna index set A,Sequensing ,20025019.0,1.5,1 unit,2023-12-16,PENDING,ACTIVE
Dna /Rna index set D,Sequensing ,20025082.0,1.0,1 unit,2023-12-12,PENDING,ACTIVE
resuspension buffer,Sequensing ,15026770.0,3.0,20.0,2022-10-04,PENDING,ACTIVE
resuspension buffer,Sequensing ,15026770.0,1.0,20.0,2023-01-04,PENDING,ACTIVE
Qubit RNA IQ assay kit,Sequensing ,Q33222,1.0,1 unit,2026-12-31,PENDING,ACTIVE
dNTPs mix 10mM,Sequensing ,R0192,8.0,1.0,2024-02-01,PENDING,ACTIVE
Nextseq Accessory box v2,Sequensing ,15058251.0,3.0,1 unit,2023-02-18,PENDING,ACTIVE
Platinium Taq Dna polymerase,Sequensing ,10966034.0,10.0,600.0,2024-01-19,PENDING,ACTIVE
Tagmentation buffer 1,Sequensing ,20015171.0,16.0,0.29,2023-04-04,PENDING,ACTIVE
enhanced PCR mix,Sequensing ,20015172.0,16.0,0.58,2023-03-22,PENDING,ACTIVE
phix control V3,Sequensing ,LOT-29-SEQ,1.0,1 unit,2026-12-31,PENDING,ACTIVE
Cubit dsDNA HS Assay kit,Sequensing ,Q32854,4.0,500.0,2026-12-31,PENDING,ACTIVE
AMPure XP,Sequensing ,A63881,1.0,60.0,2023-06-01,PENDING,ACTIVE
Nuclease free water,Sequensing ,P119E,7.0,13.0,2026-12-31,PENDING,ACTIVE
1Kb DNA ladder,Sequensing ,SM0313,4.0,50.0,2025-11-01,PENDING,ACTIVE
Bio analyzer-High sensitivity DNA reagents,Sequensing ,lot 2006,1.0,1 unit,2023-02-03,PENDING,ACTIVE
Bio analyzer-High sensitivity DNA reagents,Sequensing ,lot 2135,2.0,1 unit,2022-08-30,PENDING,ACTIVE
DNA prep tagmentation beads,Sequensing ,20015880.0,1.0,96.0,2022-10-07,PENDING,ACTIVE
DNA prep tagmentation beads,Sequensing ,20015880.0,5.0,96.0,2023-03-22,PENDING,ACTIVE
sample purification beads,Sequensing ,15052080.0,4.0,13.0,2023-03-07,PENDING,ACTIVE
DNA prep beads+buffers,Sequensing ,20015828.0,2.0,96.0,2023-03-21,PENDING,ACTIVE
DNA prep beads+buffers,Sequensing ,20015828.0,3.0,96.0,2023-05-02,PENDING,ACTIVE
AMPure XP,Sequensing ,A63881,1.0,60.0,2023-09-02,PENDING,ACTIVE
"nextseq 500/550(mid output flow cell cartridge v2,5)",Sequensing ,20022409.0,2.0,1 unit,2024-10-04,PENDING,ACTIVE
"nextseq 500/550(mid output flow cell cartridge v2,5)",Sequensing ,20022409.0,2.0,1 unit,2024-02-28,PENDING,ACTIVE
Taqman universal pcr mastermix,Sequensing ,4304437.0,5.0,5.0,2023-03-17,PENDING,ACTIVE
Taqman fast advansed mastermix,Sequensing ,4444557.0,44.0,5.0,2023-05-31,PENDING,ACTIVE
Taqman fast advansed mastermix,Sequensing ,4444557.0,15.0,5.0,2023-01-31,PENDING,ACTIVE
Proteinase K,Sequensing ,MB-11201-0100,2.0,100.0,2026-12-31,PENDING,ACTIVE
i1 flow cell,Sequensing ,20642290.0,3.0,1 unit,2023-03-27,PENDING,ACTIVE
tagment stop buffer,Sequensing ,20636831.0,16.0,1.24,2023-03-18,PENDING,ACTIVE
qubit dsDNA HS standard #2,Sequensing ,Q32854,3.0,5.0,2026-12-31,PENDING,ACTIVE
mgcl2,Sequensing ,2465152.0,1.0,1.25,2022-03-04,PENDING,ACTIVE
mgcl2,Sequensing ,2417588.0,1.0,1.25,2021-09-28,PENDING,ACTIVE
kb Extender,Sequensing ,2352302.0,1.0,1.3,2021-06-23,PENDING,ACTIVE
turbo DNase buffer,Sequensing ,402/4G,18.0,6.0,2026-12-31,PENDING,ACTIVE
RNA binding bead,Sequensing ,lot 01226797,16.0,1.1,2026-12-31,PENDING,ACTIVE
Elution buffer,Sequensing ,9918G6,19.0,9.0,2026-12-31,PENDING,ACTIVE
elution buffer  (opened),Sequensing ,9918G7,12.0,9.0,2026-12-31,PENDING,ACTIVE
turbo DNase buffer,Sequensing ,402/4G,13.0,6.0,2026-12-31,PENDING,ACTIVE
corning pipet tips 0.1-10 ul,Sequensing ,lot 274110,10.0,100.0,2024-10-04,PENDING,ACTIVE
collection tubes 2 ml,Sequensing ,lot 172016263,19.0,50.0,2026-12-31,PENDING,ACTIVE
QIAamp mini spin colomn,Sequensing ,lot 172015984,50.0,10.0,2026-12-31,PENDING,ACTIVE
Qiagen Exraction kit,Sequensing ,LOT-63-SEQ,2.0,1 unit,2026-12-31,PENDING,ACTIVE
tris-hydro chloride 1M,Sequensing ,BP1756-100,1.0,100.0,2026-12-31,PENDING,ACTIVE
tagmentation wash buffer,Sequensing ,20015079.0,4.0,41.0,2022-10-03,PENDING,ACTIVE
Nextseq500/550 buffer cartrige V2,Sequensing ,15057941.0,2.0,1 unit,2023-08-05,PENDING,ACTIVE
PCR tubes 12 strips of 8 tubes,Sequensing ,BR781316-120 EA,5.0,10.0,2026-12-31,PENDING,ACTIVE
Qiagen proteinase K,Sequensing ,19133.0,12.0,10.0,2026-12-31,PENDING,ACTIVE
Qubit Assay tubes,Sequensing ,Q32856,9.0,500.0,2026-12-31,PENDING,ACTIVE
PCR Amplitube caps,Sequensing ,lot 30519006,1.0,125.0,2026-12-31,PENDING,ACTIVE
Amplitubes PCR rxn strips,Sequensing ,T320-2R,3.0,125.0,2026-12-31,PENDING,ACTIVE
PCR plate 96 well,Sequensing ,17820008.0,2.0,10.0,2026-12-31,PENDING,ACTIVE
sample (DNA elution) storage tube,Sequensing ,LOT-73-SEQ,1.0,25.0,2026-12-31,PENDING,ACTIVE
Quick gel extraction & PCR Purification combo kit,Sequensing ,K220001,3.0,50.0,2025-10-31,PENDING,ACTIVE
Bio analyzer-High sensitivity DNA chips,Sequensing ,Lot: AR01BK50,1.0,1 unit,2023-04-01,PENDING,ACTIVE
Bio analyzer-syringe kit,Sequensing ,G293868706,2.0,1 unit,2026-12-31,PENDING,ACTIVE
Top vision Agrose,Sequensing ,R0492,3.0,500.0,2026-03-01,PENDING,ACTIVE
Qubit 1x ds DNA HS assay kit,Sequensing ,LOT-78-SEQ,12.0,1 unit,2026-12-31,PENDING,ACTIVE
Qubit 1x dsL DNA BR assay standard is,Sequensing ,LOT-79-SEQ,12.0,1 unit,2026-12-31,PENDING,ACTIVE
AmpureXP,Sequensing ,LOT-80-SEQ,6.0,1 unit,2026-12-31,PENDING,ACTIVE
"Hot start MasterMix, high fidelity",Sequensing ,LOT-81-SEQ,15.0,1 unit,2026-12-31,PENDING,ACTIVE
Q5 Blood Direct MasterMix,Sequensing ,LOT-82-SEQ,12.0,1 unit,2026-12-31,PENDING,ACTIVE
cpbF (alpha DNA),leshimaniasis,436231.0,1.0,1 unit,2026-12-31,PENDING,ACTIVE
cpbEF-F  (alpha DNA),leshimaniasis,241172.0,1.0,1 unit,2026-12-31,PENDING,ACTIVE
B4 (alpha DNA),leshimaniasis,436234.0,3.0,1 unit,2026-12-31,PENDING,ACTIVE
K26 f 15pM,leshimaniasis,LOT-5-LES,3.0,1 unit,2026-12-31,PENDING,ACTIVE
T2 (alpha DNA),leshimaniasis,343389.0,3.0,1 unit,2026-12-31,PENDING,ACTIVE
seqcpbr2 (apha DNA),leshimaniasis,342367.0,1.0,1 unit,2026-12-31,PENDING,ACTIVE
Cpbef frd (alpha DNA),leshimaniasis,343388.0,1.0,1 unit,2026-12-31,PENDING,ACTIVE
seqcpbf1 (alpha DNA),leshimaniasis,342364.0,1.0,1 unit,2026-12-31,PENDING,ACTIVE
cpbEFrev (alpha DNA),leshimaniasis,LOT-10-LES,1.0,1 unit,2026-12-31,PENDING,ACTIVE
cpbEF R  (alpha DNA),leshimaniasis,241173.0,1.0,1 unit,2026-12-31,PENDING,ACTIVE
dNTPs 10mM,leshimaniasis,Eppendorf tube,1.0,1 unit,2026-12-31,PENDING,ACTIVE
vsp15pM,leshimaniasis,LOT-13-LES,3.0,1 unit,2026-12-31,PENDING,ACTIVE
one-4 phor-all buffer + 10x conc.,leshimaniasis,10409011.0,1.0,1.0,2026-12-31,PENDING,ACTIVE
taq DNA poly,leshimaniasis,360386.0,1.0,250.0,2026-12-31,PENDING,ACTIVE
k26r (alpha DNA),leshimaniasis,316377.0,1.0,1 unit,2026-12-31,PENDING,ACTIVE
LITSR (alpha DNA),leshimaniasis,291974.0,4.0,1 unit,2026-12-31,PENDING,ACTIVE
L%.8s  (alpha DNA),leshimaniasis,139349.0,1.0,1 unit,2026-12-31,PENDING,ACTIVE
Laev 10 R,leshimaniasis,350941.0,1.0,1 unit,2026-12-31,PENDING,ACTIVE
cpb TAG,leshimaniasis,339294.0,1.0,1 unit,2026-12-31,PENDING,ACTIVE
cpbr (alpha DNA),leshimaniasis,436232.0,1.0,150.0,2026-12-31,PENDING,ACTIVE
cpb ATG (alpha DNA),leshimaniasis,329293.0,1.0,1 unit,2026-12-31,PENDING,ACTIVE
big dye terminator v 3.1 cycle sequencing RR-24,leshimaniasis,211003.0,1.0,1 unit,2026-12-31,PENDING,ACTIVE
Ilri-161108F1,leshimaniasis,LOT-24-LES,1.0,604.2,2026-12-31,PENDING,ACTIVE
pgem3Zf(+),leshimaniasis,211067.0,1.0,1 unit,2026-12-31,PENDING,ACTIVE
m13(-21)primer,leshimaniasis,36036412127.0,1.0,1 unit,2026-12-31,PENDING,ACTIVE
202GA-Rv,G6PD Primer,SY170510115-070,1.0,1 unit,2026-12-31,PENDING,ACTIVE
202GA-Fw,G6PD Primer,SY170510115-069,1.0,1 unit,2026-12-31,PENDING,ACTIVE
Tailing Segment FW,RFLP drug Resistance primers,HA16103164-006,1.0,14.6,2026-12-31,PENDING,ACTIVE
Tailing Segment RV,RFLP drug Resistance primers,HA16103165-006,1.0,18.9,2026-12-31,PENDING,ACTIVE
Tailing Segment FW,RFLP drug Resistance primers,HA16103164-007,1.0,14.6,2026-12-31,PENDING,ACTIVE
Tailing Segment RV,RFLP drug Resistance primers,HA16103165-007,1.0,18.9,2026-12-31,PENDING,ACTIVE
hrp2 one-step FW,RFLP drug Resistance primers,HA16103166-006,1.0,14.6,2026-12-31,PENDING,ACTIVE
hrp2 one-step RV,RFLP drug Resistance primers,HA16103167-006,1.0,20.0,2026-12-31,PENDING,ACTIVE
hrp2 one-step FW,RFLP drug Resistance primers,HA16103166-007,1.0,14.6,2026-12-31,PENDING,ACTIVE
hrp2 one-step RV,RFLP drug Resistance primers,HA16103167-007,1.0,20.0,2026-12-31,PENDING,ACTIVE
N1FPfcrt FW,RFLP drug Resistance primers,HA16103170-006,1.0,11.8,2026-12-31,PENDING,ACTIVE
N1FPfcrt RV,RFLP drug Resistance primers,HA16103171-006,1.0,7.2,2026-12-31,PENDING,ACTIVE
N1FPfcrt FW,RFLP drug Resistance primers,HA16103170-007,1.0,11.8,2026-12-31,PENDING,ACTIVE
N1FPfcrt RV,RFLP drug Resistance primers,HA16103171-007,1.0,7.2,2026-12-31,PENDING,ACTIVE
N2FPfcrt FW,RFLP drug Resistance primers,HA16103172-006,1.0,13.9,2026-12-31,PENDING,ACTIVE
N2FPfcrt RV,RFLP drug Resistance primers,HA16103173-006,1.0,12.4,2026-12-31,PENDING,ACTIVE
N2FPfcrt FW,RFLP drug Resistance primers,HA16103172-007,1.0,13.9,2026-12-31,PENDING,ACTIVE
N2FPfcrt RV,RFLP drug Resistance primers,HA16103173-007,1.0,12.4,2026-12-31,PENDING,ACTIVE
N1-Mdr1-86Y Fw,RFLP drug Resistance primers,HA16103174-005,1.0,12.3,2026-12-31,PENDING,ACTIVE
N1-Mdr1-86Y Rv,RFLP drug Resistance primers,HA16103175-005,1.0,12.9,2026-12-31,PENDING,ACTIVE
N1-Mdr1-86Y Fw,RFLP drug Resistance primers,HA16103174-006,1.0,12.3,2026-12-31,PENDING,ACTIVE
N1-Mdr1-86Y Rv,RFLP drug Resistance primers,HA16103175-006,1.0,12.9,2026-12-31,PENDING,ACTIVE
N2-Mdr1-86Y FW,RFLP drug Resistance primers,HA16103176-005,1.0,16.8,2026-12-31,PENDING,ACTIVE
N2-Mdr1-86Y Rv,RFLP drug Resistance primers,HA16103177-005,1.0,17.3,2026-12-31,PENDING,ACTIVE
N2-Mdr1-86Y FW,RFLP drug Resistance primers,HA16103176-006,1.0,16.8,2026-12-31,PENDING,ACTIVE
N2-Mdr1-86Y Rv,RFLP drug Resistance primers,HA16103177-006,1.0,17.3,2026-12-31,PENDING,ACTIVE
N1FPfcrt FW,RFLP drug Resistance primers,HA16103178-005,1.0,12.3,2026-12-31,PENDING,ACTIVE
N1FPfcrt RV,RFLP drug Resistance primers,HA16103179-005,1.0,14.1,2026-12-31,PENDING,ACTIVE
N2FPfcrt FW,RFLP drug Resistance primers,HA16103180-006,1.0,15.4,2026-12-31,PENDING,ACTIVE
N2FPfcrt RV,RFLP drug Resistance primers,HA16103181-005,1.0,14.0,2026-12-31,PENDING,ACTIVE
N1-Mdr1-86Y Fw,RFLP drug Resistance primers,HA16103182-007,1.0,11.4,2026-12-31,PENDING,ACTIVE
N1-Mdr1-86Y Rv,RFLP drug Resistance primers,HA16103183-007,1.0,12.1,2026-12-31,PENDING,ACTIVE
N1-Mdr1-86Y Fw,RFLP drug Resistance primers,HA16103182-008,1.0,12.4,2026-12-31,PENDING,ACTIVE
N1-Mdr1-86Y Rv,RFLP drug Resistance primers,HA16103183-008,1.0,12.1,2026-12-31,PENDING,ACTIVE
N2-mdr1-86Y FW,RFLP drug Resistance primers,HA16103184-007,1.0,8.6,2026-12-31,PENDING,ACTIVE
N2-mdr1-86Y RV,RFLP drug Resistance primers,HA16103185-007,1.0,10.4,2026-12-31,PENDING,ACTIVE
N2-mdr1-86Y FW,RFLP drug Resistance primers,HA16103184-008,1.0,8.6,2026-12-31,PENDING,ACTIVE
N2-mdr1-86Y RV,RFLP drug Resistance primers,HA16103185-008,1.0,10.4,2026-12-31,PENDING,ACTIVE
M1-OF,RFLP drug Resistance primers,HA16103186-006,1.0,9.6,2026-12-31,PENDING,ACTIVE
M1-OR,RFLP drug Resistance primers,HA16103187-006,1.0,11.1,2026-12-31,PENDING,ACTIVE
M1-OF,RFLP drug Resistance primers,HA16103186-007,1.0,9.6,2026-12-31,PENDING,ACTIVE
M1-OR,RFLP drug Resistance primers,HA16103187-007,1.0,11.1,2026-12-31,PENDING,ACTIVE
RNaseP-F,RFLP drug Resistance primers,HA15659225-001,1.0,62.1,2026-12-31,PENDING,ACTIVE
RNaseP-R,RFLP drug Resistance primers,HA15659226-001,1.0,65.4,2026-12-31,PENDING,ACTIVE
msp-1(N)-FW,RFLP drug Resistance primers,HA15821791-004,1.0,25.3,2026-12-31,PENDING,ACTIVE
msp-1(N)-RV,RFLP drug Resistance primers,HA15821792-004,1.0,10.2,2026-12-31,PENDING,ACTIVE
msp-1(N1)-FW,RFLP drug Resistance primers,HA15821791-005,1.0,25.3,2026-12-31,PENDING,ACTIVE
msp-1(N1)-RV,RFLP drug Resistance primers,HA15821792-007,1.0,10.2,2026-12-31,PENDING,ACTIVE
msp-outer-F,RFLP drug Resistance primers,HA15659208-001,1.0,60.6,2026-12-31,PENDING,ACTIVE
msp-outer-R,RFLP drug Resistance primers,HA15659209-001,1.0,59.7,2026-12-31,PENDING,ACTIVE
3D7/ICfamily(N-2)-FW,RFLP drug Resistance primers,HA15821797-004,1.0,25.9,2026-12-31,PENDING,ACTIVE
3D7/ICfamily(N-2)-FW,RFLP drug Resistance primers,HA15821797-005,1.0,25.9,2026-12-31,PENDING,ACTIVE
msp2-S2-fw,RFLP drug Resistance primers,HA15821784-004,1.0,26.5,2026-12-31,PENDING,ACTIVE
msp2-S3-rev,RFLP drug Resistance primers,HA158217585-004,1.0,24.2,2026-12-31,PENDING,ACTIVE
msp-2(N1)-FW,RFLP drug Resistance primers,HA15821793-004,1.0,9.3,2026-12-31,PENDING,ACTIVE
msp-2(N1)-Rv,RFLP drug Resistance primers,HA15821794-004,1.0,28.4,2026-12-31,PENDING,ACTIVE
msp2-S2-fw,RFLP drug Resistance primers,HA15821784-005,1.0,26.5,2026-12-31,PENDING,ACTIVE
msp2-S3-rev,RFLP drug Resistance primers,HA15821785-005,1.0,24.2,2026-12-31,PENDING,ACTIVE
msp-2(N1)-FW,RFLP drug Resistance primers,HA15821793-005,1.0,9.3,2026-12-31,PENDING,ACTIVE
msp-2(N1)-RV,RFLP drug Resistance primers,HA15821794-005,1.0,28.4,2026-12-31,PENDING,ACTIVE
msp2-S2-F,RFLP drug Resistance primers,HA15659205-001,1.0,57.5,2026-12-31,PENDING,ACTIVE
msp2-S3-R,RFLP drug Resistance primers,HA15659206-001,1.0,56.0,2026-12-31,PENDING,ACTIVE
msp2-S1Tail-fw,RFLP drug Resistance primers,HA15821786-004,1.0,18.9,2026-12-31,PENDING,ACTIVE
msp2-S1Tail-fw,RFLP drug Resistance primers,HA15821786-005,1.0,18.9,2026-12-31,PENDING,ACTIVE
msp2-S1Tail-f,RFLP drug Resistance primers,HA15659207-001,1.0,53.8,2026-12-31,PENDING,ACTIVE
FC27family(N2)-FW,RFLP drug Resistance primers,HA15821795-005,1.0,25.9,2026-12-31,PENDING,ACTIVE
FC27family(N2)-RV,RFLP drug Resistance primers,HA15821796-007,1.0,11.8,2026-12-31,PENDING,ACTIVE
FC27family(N2)-FW,RFLP drug Resistance primers,HA15821795-004,1.0,25.9,2026-12-31,PENDING,ACTIVE
FC27family(N2)-RV,RFLP drug Resistance primers,HA15821796-008,1.0,11.8,2026-12-31,PENDING,ACTIVE
msp1-k1-F,RFLP drug Resistance primers,HA15659210-001,1.0,38.8,2026-12-31,PENDING,ACTIVE
msp1-k1-R,RFLP drug Resistance primers,HA15659211-001,1.0,56.6,2026-12-31,PENDING,ACTIVE
msp1-Mad20-F,RFLP drug Resistance primers,HA15659212-001,1.0,49.6,2026-12-31,PENDING,ACTIVE
msp1-Mad20-R,RFLP drug Resistance primers,HA15659213-001,1.0,51.5,2026-12-31,PENDING,ACTIVE
Fc27,RFLP drug Resistance primers,HA15659227-001,1.0,57.8,2026-12-31,PENDING,ACTIVE
3D7,RFLP drug Resistance primers,HA15659228-001,1.0,57.4,2026-12-31,PENDING,ACTIVE
msp2-3D7-N5-RV-probe,RFLP drug Resistance primers,LotNo 1244450,1.0,20.9,2026-12-31,PENDING,ACTIVE
msp2-FC27-MS-RV-probe,RFLP drug Resistance primers,LotNo 1244449,1.0,20.1,2026-12-31,PENDING,ACTIVE
Nuclase free water,unknowns ,b1502a,6.0,1.5,2026-12-31,PENDING,ACTIVE
NOT I,unknowns ,R0189s,1.0,0.05,2022-09-01,PENDING,ACTIVE
NE buffer 3.1,unknowns ,B7203s,1.0,1.25,2024-01-01,PENDING,ACTIVE
PhHv10^3,unknowns ,KT010218,1.0,80.0,2026-12-31,PENDING,ACTIVE
PhHv-26267s,unknowns ,HA11165164-002,1.0,232.0,2026-12-31,PENDING,ACTIVE
probephhv-305TQ-cy5,unknowns ,HA12900248-002,1.0,1 unit,2026-12-31,PENDING,ACTIVE
phhv-337as,unknowns ,HA11165185002,1.0,210.0,2011-12-01,PENDING,ACTIVE
ENDFORWARD (Genosys 7112-012),unknowns ,8004597326-001,1.0,Lyophilized,2026-12-31,PENDING,ACTIVE
ENDREVERSE (gENOSYS 7112-013),unknowns ,8004597326-002,1.0,Lyophilized,2026-12-31,PENDING,ACTIVE
563CT- Fw,unknowns ,SY170510118-081,1.0,Lyophilized,2026-12-31,PENDING,ACTIVE
"DNase I, RNase free",unknowns ,EN0525,13.0,1 unit,2025-06-30,PENDING,ACTIVE
10X reaction buffer with MgCl2 for DNase I,unknowns ,B43,13.0,1.25,2026-12-31,PENDING,ACTIVE
MnCl2,unknowns ,lot01175931,13.0,1.0,2026-12-31,PENDING,ACTIVE
reaction buffer with out MnCl2 for DNase I,unknowns ,lot 011775335,13.0,1.0,2026-12-31,PENDING,ACTIVE
EDTA,unknowns ,LOT 01166755,13.0,1.0,2026-12-31,PENDING,ACTIVE
cell proliferatio kit I (MTT),unknowns ,11465007001.0,1.0,1 unit,2026-12-31,PENDING,ACTIVE
cell proliferatio kit I (MTT),unknowns ,11465007001.0,1.0,1 unit,2026-12-31,PENDING,ACTIVE
"RQ1R  DNase, stop solution",unknowns ,Ref M199A,1.0,1.0,2016-04-30,PENDING,ACTIVE
"RQ1 DNase, 10x rxn buffer",unknowns ,RefM198A,1.0,1.0,2016-04-30,PENDING,ACTIVE
RQ1R  RNase freeDNase,unknowns ,Ref M610A,1.0,1.0,2016-04-30,PENDING,ACTIVE
PV25probe,plasmid and probe,1244485.0,1.0,20.4,2026-12-31,PENDING,ACTIVE
PV_DBP_probe,plasmid and probe,1244451.0,1.0,20.0,2026-12-31,PENDING,ACTIVE
CCp4 probe,plasmid and probe,1244452.0,1.0,20.0,2026-12-31,PENDING,ACTIVE
pfMGET,plasmid and probe,1244453.0,1.0,20.7,2026-12-31,PENDING,ACTIVE
Ps18S,plasmid and probe,116497-D12,1.0,1 unit,2026-12-31,PENDING,ACTIVE
QIAcuity probe PCR kit,Digital PCR,250101.0,15.0,1.0,2024-09-17,PENDING,ACTIVE
Probe PCR Kit 25ml,Digital PCR,250103.0,1.0,25.0,2026-12-31,PENDING,ACTIVE
Probe PCR Kit 50ml,Digital PCR,250103.0,10.0,50.0,2026-12-31,PENDING,ACTIVE
Probe PCR Kit 15ml,Digital PCR,250103.0,1.0,15.0,2026-12-31,PENDING,ACTIVE
varATS,Digital PCR,LOT-6-DIG,18.0,stock,2026-12-31,PENDING,ACTIVE
2E12F1,Parasite PvPf Genotyping Primer,HA16103149-006,1.0,15.5,2026-12-31,PENDING,ACTIVE
2E12R1,Parasite PvPf Genotyping Primer,HA16103150-006,1.0,13.2,2026-12-31,PENDING,ACTIVE
2E12F1,Parasite PvPf Genotyping Primer,HA16103149-007,1.0,15.5,2026-12-31,PENDING,ACTIVE
2E12R1,Parasite PvPf Genotyping Primer,HA16103150-007,1.0,13.2,2026-12-31,PENDING,ACTIVE
2E12F,Parasite PvPf Genotyping Primer,HA16103151-006,1.0,20.4,2026-12-31,PENDING,ACTIVE
2E12R,Parasite PvPf Genotyping Primer,HA16103152-006,1.0,13.6,2026-12-31,PENDING,ACTIVE
2E12F,Parasite PvPf Genotyping Primer,HA16103151-007,1.0,20.4,2026-12-31,PENDING,ACTIVE
2E12R,Parasite PvPf Genotyping Primer,HA16103152-007,1.0,13.6,2026-12-31,PENDING,ACTIVE
2E2F,Parasite PvPf Genotyping Primer,HA16103153-006,1.0,14.9,2026-12-31,PENDING,ACTIVE
2E2R1,Parasite PvPf Genotyping Primer,HA16103154-006,1.0,16.6,2026-12-31,PENDING,ACTIVE
2E2F,Parasite PvPf Genotyping Primer,HA16103153-007,1.0,14.9,2026-12-31,PENDING,ACTIVE
2E2R1,Parasite PvPf Genotyping Primer,HA16103154-007,1.0,16.6,2026-12-31,PENDING,ACTIVE
2E2F1,Parasite PvPf Genotyping Primer,HA16103155-006,1.0,12.0,2026-12-31,PENDING,ACTIVE
2E2R,Parasite PvPf Genotyping Primer,HA16103156-006,1.0,13.8,2026-12-31,PENDING,ACTIVE
2E2F1,Parasite PvPf Genotyping Primer,HA16103155-007,1.0,12.0,2026-12-31,PENDING,ACTIVE
2E2R,Parasite PvPf Genotyping Primer,HA16103156-007,1.0,13.8,2026-12-31,PENDING,ACTIVE
BRAVO_F,Parasite PvPf Genotyping Primer,HA16103157-006,1.0,14.6,2026-12-31,PENDING,ACTIVE
BRAVO_R,Parasite PvPf Genotyping Primer,HA16103158-006,1.0,17.9,2026-12-31,PENDING,ACTIVE
BRAVO_F,Parasite PvPf Genotyping Primer,HA16103157-007,1.0,14.6,2026-12-31,PENDING,ACTIVE
BRAVO_R,Parasite PvPf Genotyping Primer,HA16103158-007,1.0,17.9,2026-12-31,PENDING,ACTIVE
R1(2),Parasite PvPf Genotyping Primer,HA16103161-006,1.0,19.0,2026-12-31,PENDING,ACTIVE
F1 (M1-F1),Parasite PvPf Genotyping Primer,HA16103160-006,1.0,16.2,2026-12-31,PENDING,ACTIVE
R1(2),Parasite PvPf Genotyping Primer,HA16103161-007,1.0,19.0,2026-12-31,PENDING,ACTIVE
F1 (M1-F1),Parasite PvPf Genotyping Primer,HA16103160-007,1.0,16.2,2026-12-31,PENDING,ACTIVE
R2,Parasite PvPf Genotyping Primer,HA16103163-006,1.0,11.6,2026-12-31,PENDING,ACTIVE
F2,Parasite PvPf Genotyping Primer,HA16103162-006,1.0,14.4,2026-12-31,PENDING,ACTIVE
R2,Parasite PvPf Genotyping Primer,HA16103163-007,1.0,11.6,2026-12-31,PENDING,ACTIVE
F2,Parasite PvPf Genotyping Primer,HA16103162-007,1.0,14.4,2026-12-31,PENDING,ACTIVE
Out PCR barcoding fw,Parasite PvPf Genotyping Primer,HA16103168-006,1.0,15.3,2026-12-31,PENDING,ACTIVE
Out PCR barcoding rv,Parasite PvPf Genotyping Primer,HA16103169-006,1.0,15.9,2026-12-31,PENDING,ACTIVE
Out PCR barcoding fw,Parasite PvPf Genotyping Primer,HA16103168-007,1.0,15.3,2026-12-31,PENDING,ACTIVE
Out PCR barcoding rv,Parasite PvPf Genotyping Primer,HA16103169-007,1.0,15.9,2026-12-31,PENDING,ACTIVE
M1-R1,Parasite PvPf Genotyping Primer,HA16103159-006,1.0,16.9,2026-12-31,PENDING,ACTIVE
M1-IR,Parasite PvPf Genotyping Primer,HA16103159-007,1.0,16.9,2026-12-31,PENDING,ACTIVE
Tailing Segment FW,Parasite PvPf Genotyping Primer,HA16103164-006,1.0,14.6,2026-12-31,PENDING,ACTIVE
Tailing Segment RV,Parasite PvPf Genotyping Primer,HA16103165-006,1.0,18.9,2026-12-31,PENDING,ACTIVE
Tailing Segment FW,Parasite PvPf Genotyping Primer,HA16103164-007,1.0,14.6,2026-12-31,PENDING,ACTIVE
Tailing Segment RV,Parasite PvPf Genotyping Primer,HA16103165-007,1.0,18.9,2026-12-31,PENDING,ACTIVE
hrp2 one-step FW,Parasite PvPf Genotyping Primer,HA16103166-006,1.0,14.6,2026-12-31,PENDING,ACTIVE
hrp2 one-step RV,Parasite PvPf Genotyping Primer,HA16103167-006,1.0,20.0,2026-12-31,PENDING,ACTIVE
hrp2 one-step FW,Parasite PvPf Genotyping Primer,HA16103166-007,1.0,14.6,2026-12-31,PENDING,ACTIVE
hrp2 one-step RV,Parasite PvPf Genotyping Primer,HA16103167-007,1.0,20.0,2026-12-31,PENDING,ACTIVE
N1FPfcrt FW,Parasite PvPf Genotyping Primer,HA16103170-006,1.0,11.8,2026-12-31,PENDING,ACTIVE
N1FPfcrt RV,Parasite PvPf Genotyping Primer,HA16103171-006,1.0,7.2,2026-12-31,PENDING,ACTIVE
N1FPfcrt FW,Parasite PvPf Genotyping Primer,HA16103170-007,1.0,11.8,2026-12-31,PENDING,ACTIVE
N1FPfcrt RV,Parasite PvPf Genotyping Primer,HA16103171-007,1.0,7.2,2026-12-31,PENDING,ACTIVE
N2FPfcrt FW,Parasite PvPf Genotyping Primer,HA16103172-006,1.0,13.9,2026-12-31,PENDING,ACTIVE
N2FPfcrt RV,Parasite PvPf Genotyping Primer,HA16103173-006,1.0,12.4,2026-12-31,PENDING,ACTIVE
N2FPfcrt FW,Parasite PvPf Genotyping Primer,HA16103172-007,1.0,13.9,2026-12-31,PENDING,ACTIVE
N2FPfcrt RV,Parasite PvPf Genotyping Primer,HA16103173-007,1.0,12.4,2026-12-31,PENDING,ACTIVE
N1-Mdr1-86Y Fw,Parasite PvPf Genotyping Primer,HA16103174-005,1.0,12.3,2026-12-31,PENDING,ACTIVE
N1-Mdr1-86Y Rv,Parasite PvPf Genotyping Primer,HA16103175-005,1.0,12.9,2026-12-31,PENDING,ACTIVE
N1-Mdr1-86Y Fw,Parasite PvPf Genotyping Primer,HA16103174-006,1.0,12.3,2026-12-31,PENDING,ACTIVE
N1-Mdr1-86Y Rv,Parasite PvPf Genotyping Primer,HA16103175-006,1.0,12.9,2026-12-31,PENDING,ACTIVE
N2-Mdr1-86Y FW,Parasite PvPf Genotyping Primer,HA16103176-005,1.0,16.8,2026-12-31,PENDING,ACTIVE
N2-Mdr1-86Y Rv,Parasite PvPf Genotyping Primer,HA16103177-005,1.0,17.3,2026-12-31,PENDING,ACTIVE
N2-Mdr1-86Y FW,Parasite PvPf Genotyping Primer,HA16103176-006,1.0,16.8,2026-12-31,PENDING,ACTIVE
N2-Mdr1-86Y Rv,Parasite PvPf Genotyping Primer,HA16103177-006,1.0,17.3,2026-12-31,PENDING,ACTIVE
N1FPfcrt FW,Parasite PvPf Genotyping Primer,HA16103178-005,1.0,12.3,2026-12-31,PENDING,ACTIVE
N1FPfcrt RV,Parasite PvPf Genotyping Primer,HA16103179-005,1.0,14.1,2026-12-31,PENDING,ACTIVE
N2FPfcrt FW,Parasite PvPf Genotyping Primer,HA16103180-006,1.0,15.4,2026-12-31,PENDING,ACTIVE
N2FPfcrt RV,Parasite PvPf Genotyping Primer,HA16103181-005,1.0,14.0,2026-12-31,PENDING,ACTIVE
N1-Mdr1-86Y Fw,Parasite PvPf Genotyping Primer,HA16103182-007,1.0,11.4,2026-12-31,PENDING,ACTIVE
N1-Mdr1-86Y Rv,Parasite PvPf Genotyping Primer,HA16103183-007,1.0,12.1,2026-12-31,PENDING,ACTIVE
N1-Mdr1-86Y Fw,Parasite PvPf Genotyping Primer,HA16103182-008,1.0,12.4,2026-12-31,PENDING,ACTIVE
N1-Mdr1-86Y Rv,Parasite PvPf Genotyping Primer,HA16103183-008,1.0,12.1,2026-12-31,PENDING,ACTIVE
N2-mdr1-86Y FW,Parasite PvPf Genotyping Primer,HA16103184-007,1.0,8.6,2026-12-31,PENDING,ACTIVE
N2-mdr1-86Y RV,Parasite PvPf Genotyping Primer,HA16103185-007,1.0,10.4,2026-12-31,PENDING,ACTIVE
N2-mdr1-86Y FW,Parasite PvPf Genotyping Primer,HA16103184-008,1.0,8.6,2026-12-31,PENDING,ACTIVE
N2-mdr1-86Y RV,Parasite PvPf Genotyping Primer,HA16103185-008,1.0,10.4,2026-12-31,PENDING,ACTIVE
M1-OF,Parasite PvPf Genotyping Primer,HA16103186-006,1.0,9.6,2026-12-31,PENDING,ACTIVE
M1-OR,Parasite PvPf Genotyping Primer,HA16103187-006,1.0,11.1,2026-12-31,PENDING,ACTIVE
M1-OF,Parasite PvPf Genotyping Primer,HA16103186-007,1.0,9.6,2026-12-31,PENDING,ACTIVE
M1-OR,Parasite PvPf Genotyping Primer,HA16103187-007,1.0,11.1,2026-12-31,PENDING,ACTIVE
Pfmdr11246-B,Parasite PvPf Genotyping Primer,HA158217888-004,1.0,26.3,2026-12-31,PENDING,ACTIVE
Pfmdr11246-A,Parasite PvPf Genotyping Primer,HA158217887-005,1.0,24.7,2026-12-31,PENDING,ACTIVE
Pfmdr1_RV,Parasite PvPf Genotyping Primer,HA15659184-001,1.0,40.2,2026-12-31,PENDING,ACTIVE
Pfmdr1_FW,Parasite PvPf Genotyping Primer,HA15659183-001,1.0,50.6,2026-12-31,PENDING,ACTIVE
Pf--tubulin_FW,Parasite PvPf Genotyping Primer,HA15659185-001,1.0,54.9,2026-12-31,PENDING,ACTIVE
Pf--tubulin_RV,Parasite PvPf Genotyping Primer,HA15659186-002,1.0,45.3,2026-12-31,PENDING,ACTIVE
Pfplasmepsin2__FW,Parasite PvPf Genotyping Primer,HA15659181-001,1.0,63.4,2026-12-31,PENDING,ACTIVE
Pfplasmepsin2__RV,Parasite PvPf Genotyping Primer,HA15659182-001,1.0,55.3,2026-12-31,PENDING,ACTIVE
Pfmdr1246-D1,Parasite PvPf Genotyping Primer,HA15821789-004,1.0,22.2,2026-12-31,PENDING,ACTIVE
Pfmdr1246-D2,Parasite PvPf Genotyping Primer,HA15821790-004,1.0,25.6,2026-12-31,PENDING,ACTIVE
Pfmdr1246-A,Parasite PvPf Genotyping Primer,HA15821787-005,1.0,24.7,2026-12-31,PENDING,ACTIVE
Pfmdr1246-B,Parasite PvPf Genotyping Primer,HA15821788-005,1.0,26.3,2026-12-31,PENDING,ACTIVE
Pfmdr1246-D1,Parasite PvPf Genotyping Primer,HA15821789-005,1.0,22.2,2026-12-31,PENDING,ACTIVE
Pfmdr1246-D2,Parasite PvPf Genotyping Primer,HA15821790-005,1.0,25.6,2026-12-31,PENDING,ACTIVE
RV11,Parasite PvPf Genotyping Primer,HA15659222-001,1.0,52.7,2026-12-31,PENDING,ACTIVE
RV12,Parasite PvPf Genotyping Primer,HA15659223-001,1.0,53.9,2026-12-31,PENDING,ACTIVE
8633F,Parasite PvPf Genotyping Primer,HA15659216-001,1.0,55.9,2026-12-31,PENDING,ACTIVE
9211R,Parasite PvPf Genotyping Primer,HA15659217-001,1.0,62.5,2026-12-31,PENDING,ACTIVE
8945F,Parasite PvPf Genotyping Primer,HA15659218-001,1.0,69.7,2026-12-31,PENDING,ACTIVE
9577R,Parasite PvPf Genotyping Primer,HA15659219-001,1.0,59.5,2026-12-31,PENDING,ACTIVE
8669F,Parasite PvPf Genotyping Primer,HA15659220-001,1.0,65.0,2026-12-31,PENDING,ACTIVE
9541R,Parasite PvPf Genotyping Primer,HA15659221-001,1.0,59.4,2026-12-31,PENDING,ACTIVE
RV12-2,Parasite PvPf Genotyping Primer,HA15659224-001,1.0,63.9,2026-12-31,PENDING,ACTIVE
Pv210-Pc,Immunoassay,LOT-3-IMM,3.0,9.1,2026-12-31,PENDING,ACTIVE
pf-pc2,Immunoassay,LOT-4-IMM,1.0,0.25,2026-12-31,PENDING,ACTIVE
pv-210-6,Immunoassay,LOT-5-IMM,1.0,0.5,2026-12-31,PENDING,ACTIVE
pf-pc5,Immunoassay,LOT-6-IMM,1.0,0.25,2026-12-31,PENDING,ACTIVE
pf-pc1,Immunoassay,LOT-7-IMM,1.0,0.25,2026-12-31,PENDING,ACTIVE
pv-210-5,Immunoassay,LOT-8-IMM,1.0,0.3,2026-12-31,PENDING,ACTIVE
pf-pc4,Immunoassay,LOT-9-IMM,1.0,0.3,2026-12-31,PENDING,ACTIVE
pv-210-2,Immunoassay,LOT-10-IMM,1.0,0.25,2026-12-31,PENDING,ACTIVE
pv-210-1,Immunoassay,LOT-11-IMM,1.0,0.25,2026-12-31,PENDING,ACTIVE
pf-pc6,Immunoassay,LOT-12-IMM,1.0,0.5,2026-12-31,PENDING,ACTIVE
pv-210 pc ELISA(stock),Immunoassay,LOT-13-IMM,1.0,0.25,2026-12-31,PENDING,ACTIVE
pv-247 pc ELISA(stock),Immunoassay,LOT-14-IMM,1.0,0.25,2026-12-31,PENDING,ACTIVE
Pf-PC,Immunoassay,LOT-15-IMM,2.0,0.1,2026-12-31,PENDING,ACTIVE
PV-210-3,Immunoassay,LOT-16-IMM,1.0,0.25,2026-12-31,PENDING,ACTIVE
Pf-PC3,Immunoassay,LOT-17-IMM,1.0,0.25,2026-12-31,PENDING,ACTIVE
pf-210-4,Immunoassay,LOT-18-IMM,1.0,0.25,2026-12-31,PENDING,ACTIVE
New Naive-serum,Immunoassay,LOT-19-IMM,1.0,1.5,2026-12-31,PENDING,ACTIVE
conjugate m Ab pf,Immunoassay,LOT-20-IMM,1.0,1 unit,2026-12-31,PENDING,ACTIVE
pf-pc csp,Immunoassay,LOT-21-IMM,1.0,1 unit,2026-12-31,PENDING,ACTIVE
pv hrp swp,Immunoassay,LOT-22-IMM,1.0,1 unit,2026-12-31,PENDING,ACTIVE
pv-210-pc ELISA(stock),Immunoassay,LOT-23-IMM,1.0,1 unit,2026-12-31,PENDING,ACTIVE
pv247-pc,Immunoassay,LOT-24-IMM,1.0,4.6,2026-12-31,PENDING,ACTIVE
pv capture AB,Immunoassay,LOT-25-IMM,1.0,1 unit,2026-12-31,PENDING,ACTIVE
pf capture AB,Immunoassay,LOT-26-IMM,1.0,1 unit,2026-12-31,PENDING,ACTIVE
pv-210-1 m ab,Immunoassay,LOT-27-IMM,1.0,1 unit,2026-12-31,PENDING,ACTIVE
pv-210 2nd mab,Immunoassay,LOT-28-IMM,2.0,1 unit,2026-12-31,PENDING,ACTIVE
pv-219 pc ELISA,Immunoassay,LOT-29-IMM,1.0,1 unit,2026-12-31,PENDING,ACTIVE
CCP4-RV,Recieved from CDC,6144.0,1.0,500.0,2026-12-31,PENDING,ACTIVE
BCFB FY2021,Recieved from CDC,6143.0,1.0,1 unit,2026-12-31,PENDING,ACTIVE
PfMGET-FW,Recieved from CDC,6146A,1.0,1000.0,2026-12-31,PENDING,ACTIVE
PfMGET-RV,Recieved from CDC,6147-R,1.0,500.0,2026-12-31,PENDING,ACTIVE
rPLU-5,Recieved from CDC,6129A,1.0,1000.0,2026-12-31,PENDING,ACTIVE
Pv18s-RV,Recieved from CDC,6135.0,1.0,500.0,2026-12-31,PENDING,ACTIVE
rVIV-1,Recieved from CDC,6132 NT,1.0,300.0,2026-12-31,PENDING,ACTIVE
Pv525-RV,Recieved from CDC,6141R,1.0,500.0,2026-12-31,PENDING,ACTIVE
rPLU-6,Recieved from CDC,6128R,1.0,1000.0,2026-12-31,PENDING,ACTIVE
PV525-FW,Recieved from CDC,6140-r,1.0,500.0,2026-12-31,PENDING,ACTIVE
Pf 18s-FW,Recieved from CDC,6137 NT,1.0,300.0,2026-12-31,PENDING,ACTIVE
rFAL-2,Recieved from CDC,6131 NT,1.0,300.0,2026-12-31,PENDING,ACTIVE
PV18S probe,Recieved from CDC,6136 X3,1.0,300.0,2026-12-31,PENDING,ACTIVE
rVIV-2,Recieved from CDC,6133 NT,1.0,300.0,2026-12-31,PENDING,ACTIVE
rFAL-1,Recieved from CDC,6130.0,1.0,300.0,2026-12-31,PENDING,ACTIVE
PfMEGT probe,Recieved from CDC,6148 BH1,1.0,7443.9,2026-12-31,PENDING,ACTIVE
Pf 18s turbo probe,Recieved from CDC,6139 BH1,1.0,900.0,2026-12-31,PENDING,ACTIVE
CCP4 probe,Recieved from CDC,6145 BH3,1.0,900.0,2026-12-31,PENDING,ACTIVE
PF18S RV,Recieved from CDC,6138R,1.0,500.0,2026-12-31,PENDING,ACTIVE
PVS25 Probe,Recieved from CDC,6142BH1,1.0,600.0,2026-12-31,PENDING,ACTIVE
PV18S Probe,Recieved from CDC,6136X3,1.0,300.0,2026-12-31,PENDING,ACTIVE
E-COLI,Recieved from CDC,N/A,5.0,~1,2026-12-31,PENDING,ACTIVE
New N-serum,Recieved from CDC,N/A,6.0,~2,2026-12-31,PENDING,ACTIVE
E-COLI Lysate,Recieved from CDC,N/A,4.0,8.64,2026-12-31,PENDING,ACTIVE
WHO PF standard(+ve control),Recieved from CDC,10/198,1.0,1 unit,2026-12-31,PENDING,ACTIVE
PF +VE control(cp3 NEAT),Recieved from CDC,CP3,1.0,1 unit,2026-12-31,PENDING,ACTIVE
cp3(1:1)(50%),Recieved from CDC,CP3,1.0,1 unit,2026-12-31,PENDING,ACTIVE
Et-pf pooled serum,Recieved from CDC,N/A,1.0,1 unit,2026-12-31,PENDING,ACTIVE
E-COLI Lysate(5.2mg/ml),Recieved from CDC,4T-2/HB101,1.0,1.6,2026-12-31,PENDING,ACTIVE
CP3 1:10,Recieved from CDC,N/A,1.0,0.5,2026-12-31,PENDING,ACTIVE
S1PV +VE control,Recieved from CDC,N/A,1.0,"~2,5",2026-12-31,PENDING,ACTIVE
Hot start Taq 2x Master Mix 500rxn,nPCR,M0496,1.0,1 unit,2024-08-01,PENDING,ACTIVE
Dream Taq Master Mix 2x,nPCR,K1081,5.0,1 unit,2026-12-31,PENDING,ACTIVE
PCR buffer+green+white+mgcl,nPCR,M7805,1.0,2ml,2019-09-14,PENDING,ACTIVE
PCR buffer+green+white+mgcl,nPCR,M7805,1.0,2ml,2021-10-15,PENDING,ACTIVE
PCR buffer+green+white+mgcl,nPCR,M7805,1.0,2ml,2026-12-31,PENDING,ACTIVE
DNA ladder 100bp with buffer,nPCR,MW432-B100530,2.0,1 unit,2026-12-31,PENDING,ACTIVE
Invitrogen DNA ladder 50bp with buffer,nPCR,10416014,1.0,1 unit,2026-12-31,PENDING,ACTIVE
GoTaq nPCR componenet,nPCR,M7808,40.0,1 unit,2024-11-04,PENDING,ACTIVE
GoTaq nPCR componenet,nPCR,M7808,20.0,1 unit,2026-12-31,PENDING,ACTIVE
GoTaq nPCR componenet,nPCR,M7805,40.0,1 unit,2024-04-11,PENDING,ACTIVE
GoTaq nPCR componenet,nPCR,#0000384224,3.0,1 unit,2021-10-15,PENDING,ACTIVE
GoTaq nPCR componenet,nPCR,#0000413650,18.0,1 unit,2022-12-11,PENDING,ACTIVE
GoTaq 100nM dNTPs set,nPCR,#0000496779,11.0,1 unit,2024-01-08,PENDING,ACTIVE
Bio-dNTP Mix,nPCR,DM409-B092010,1.0,1 unit,2023-02-01,PENDING,ACTIVE
MBL-dNTP Mix,nPCR,7C19L90020,1.0,1 unit,2026-12-31,PENDING,ACTIVE
Thermoscintific- dNTP Mix,nPCR,#01191989,1.0,1 unit,2024-05-01,PENDING,ACTIVE
GoTaq dNTP set,nPCR,U1410,1.0,1 unit,2026-12-31,PENDING,ACTIVE
100bp DNA ladder,nPCR,G2101,1.0,1 unit,2026-12-31,PENDING,ACTIVE
PCR Nucleotide Mix,nPCR,C1141,1.0,1 unit,2024-04-01,PENDING,ACTIVE
rplu5-100mM,nPCR,LOT-21-NPC,1.0,1 unit,2026-12-31,PENDING,ACTIVE
rplu5-100mM,nPCR,LOT-22-NPC,1.0,1 unit,2026-12-31,PENDING,ACTIVE
rplu6-100mM,nPCR,LOT-23-NPC,4.0,1 unit,2026-12-31,PENDING,ACTIVE
rplu6-100mM,nPCR,LOT-24-NPC,2.0,1 unit,2026-12-31,PENDING,ACTIVE
rrplu1-100mM,nPCR,LOT-25-NPC,1.0,1 unit,2026-12-31,PENDING,ACTIVE
rplu3-100mM,nPCR,LOT-26-NPC,1.0,1 unit,2026-12-31,PENDING,ACTIVE
rplu3-100mM,nPCR,LOT-27-NPC,1.0,1 unit,2026-12-31,PENDING,ACTIVE
rplu4-100mM,nPCR,LOT-28-NPC,1.0,1 unit,2026-12-31,PENDING,ACTIVE
rviv1-100mM,nPCR,LOT-29-NPC,4.0,1 unit,2026-12-31,PENDING,ACTIVE
rviv1-100mM,nPCR,LOT-30-NPC,1.0,1 unit,2026-12-31,PENDING,ACTIVE
rviv2-100mM,nPCR,LOT-31-NPC,4.0,1 unit,2026-12-31,PENDING,ACTIVE
rviv2-100mM,nPCR,LOT-32-NPC,1.0,1 unit,2026-12-31,PENDING,ACTIVE
rfal2-100mM,nPCR,LOT-33-NPC,4.0,1 unit,2026-12-31,PENDING,ACTIVE
rfal2-100mM,nPCR,LOT-34-NPC,2.0,1 unit,2026-12-31,PENDING,ACTIVE
rfal1-100mM,nPCR,LOT-35-NPC,4.0,1 unit,2026-12-31,PENDING,ACTIVE
rfal1-100mM,nPCR,LOT-36-NPC,2.0,1 unit,2026-12-31,PENDING,ACTIVE
rmal1-100mM,nPCR,LOT-37-NPC,1.0,1 unit,2026-12-31,PENDING,ACTIVE
rmal2-100mM,nPCR,LOT-38-NPC,1.0,1 unit,2026-12-31,PENDING,ACTIVE
rova1-100mM,nPCR,LOT-39-NPC,1.0,1 unit,2026-12-31,PENDING,ACTIVE
rova2-100mM,nPCR,LOT-40-NPC,1.0,1 unit,2026-12-31,PENDING,ACTIVE
Pf - Rv (rFAL2),nPCR,SY 141046070-023,1.0,1 unit,2026-12-31,PENDING,ACTIVE
Pf-fw (rFAL1),nPCR,SY 141046070-022,1.0,1 unit,2026-12-31,PENDING,ACTIVE
Pv Rv (rVIV 2),nPCR,SY 141046070-025,1.0,1 unit,2026-12-31,PENDING,ACTIVE
Pv Fw (rVIV 1),nPCR,SY 141046070-024,1.0,1 unit,2026-12-31,PENDING,ACTIVE
rPLU 6 forward,nPCR,SY 141046070-021,1.0,1 unit,2026-12-31,PENDING,ACTIVE
rPLU 5 reverse,nPCR,SY 141046069-048,1.0,1 unit,2026-12-31,PENDING,ACTIVE
dCTP-100mM,nPCR,LOT0000417505,2.0,1.0,2023-04-09,PENDING,ACTIVE
dTTP-100mM,nPCR,LOT0000417503,2.0,1.0,2023-04-09,PENDING,ACTIVE
dATP-100mM,nPCR,LOT0000417508,2.0,1.0,2023-04-09,PENDING,ACTIVE
dGTP-100mM,nPCR,LOT0000417918,2.0,1.0,2023-04-13,PENDING,ACTIVE
dTTP-100mM,nPCR,Lot0000356773,4.0,0.4&1,2022-02-17,PENDING,ACTIVE
dGTP-100mM,nPCR,LOT0000366750,4.0,0.4&1,2022-04-28,PENDING,ACTIVE
dATP-100mM,nPCR,LOT0000370556,4.0,0.4&1,2022-05-27,PENDING,ACTIVE
dCTP-100mM,nPCR,LOT0000356770,4.0,0.4&1,2022-02-17,PENDING,ACTIVE
dATP-100mM,nPCR,LOT0000491931,11.0,0.4&1,2024-09-19,PENDING,ACTIVE
dGTP-100mM,nPCR,LOT0000492809,11.0,0.4&1,2024-09-26,PENDING,ACTIVE
dCTP-100mM,nPCR,LOT0000491920,11.0,0.4&1,2024-09-19,PENDING,ACTIVE
dTTP-100mM,nPCR,LOT 0000485440,11.0,0.4&1,2024-08-01,PENDING,ACTIVE
dNTP Mix -2.5mM,nPCR,7C19L90020,13.0,1.0,2026-12-31,PENDING,ACTIVE
dATP-100mM,nPCR,lot0000370556,2.0,1.0,2022-05-27,PENDING,ACTIVE
dCTP-100mM,nPCR,lot0000356770,2.0,1.0,2022-02-17,PENDING,ACTIVE
dTTP-100mM,nPCR,LOT0000356773,2.0,1.0,2022-02-17,PENDING,ACTIVE
dGTP-100mM,nPCR,LOT0000366750,2.0,1.0,2022-04-28,PENDING,ACTIVE
dNTP MIX -10mM,nPCR,LOT0000368655,1.0,1.0,2022-05-12,PENDING,ACTIVE
dATP-100mM   100umol,nPCR,DATP2800,1.0,1.0,2018-06-01,PENDING,ACTIVE
dCTP-100mM  100umol,nPCR,DCTP2800,1.0,1.0,2018-06-01,PENDING,ACTIVE
dGTP-100mM  100umol,nPCR,DGTP2800,2.0,1.0,2018-06-01,PENDING,ACTIVE
dTTP-100mM  100umol,nPCR,DTTP2800,1.0,1.0,2018-06-01,PENDING,ACTIVE
dNTP MIX with dUTP-12.5mM,nPCR,LOT0412058,1.0,1.0,2026-12-31,PENDING,ACTIVE
dNTP MIX with dTTP-10mM,nPCR,LOT0503068,1.0,1.0,2026-12-31,PENDING,ACTIVE
dNTP mix 10mM,nPCR,DM1-021301A,10.0,1.0,2023-02-01,PENDING,ACTIVE
AF1III,nPCR,1013714.0,1.0,0.025,2024-01-01,PENDING,ACTIVE
AF1III,nPCR,lot 0321504,1.0,0.025,2024-01-01,PENDING,ACTIVE
APoI,nPCR,lot 0081607,1.0,0.1,2018-07-01,PENDING,ACTIVE
N1FPfcrt-100mM,nPCR,LOT-75-NPC,2.0,1 unit,2026-12-31,PENDING,ACTIVE
N2FPfcrt-100mM,nPCR,LOT-76-NPC,2.0,1 unit,2026-12-31,PENDING,ACTIVE
N1FPfcrt RW-100mM,nPCR,LOT-77-NPC,1.0,1 unit,2022-12-01,PENDING,ACTIVE
N1FPfcrt FW-100mM,nPCR,LOT-78-NPC,1.0,1 unit,2022-12-01,PENDING,ACTIVE
N2FPfcrt RW-100mM,nPCR,LOT-79-NPC,1.0,1 unit,2022-12-01,PENDING,ACTIVE
N2FPfcrt FW-100mM,nPCR,LOT-80-NPC,1.0,1 unit,2022-12-01,PENDING,ACTIVE
green Go Taq buffer,nPCR,LOT 0000243906,15.0,1.0,2026-12-31,PENDING,ACTIVE
MgCl2 -25mM,nPCR,LOT 0000399616,16.0,1.2,2026-12-31,PENDING,ACTIVE
colorless Go Taq buffer,nPCR,LOT 0000376761,25.0,1.0,2026-12-31,PENDING,ACTIVE
colorless Go Taq buffer,nPCR,LOT 0000376771,68.0,1.0,2022-11-22,PENDING,ACTIVE
colorless Go Taq buffer,nPCR,LOT 0000406550,33.0,1.0,2026-12-31,PENDING,ACTIVE
MgCl2 -25mM,nPCR,LOT 0000372965,17.0,1.2,2026-12-31,PENDING,ACTIVE
green Go Taq buffer,nPCR,LOT 0000379768,23.0,1.0,2026-12-31,PENDING,ACTIVE
green Go Taq buffer,nPCR,LOT 0000405501,69.0,1.0,2022-11-12,PENDING,ACTIVE
MgCl2 -25mM,nPCR,LOT0000399616,54.0,1.2,2022-11-12,PENDING,ACTIVE
green Go Taq buffer,nPCR,lot0000495573,59.0,1.0,2024-04-11,PENDING,ACTIVE
green Go Taq buffer,nPCR,lot0000495573,56.0,1.0,2024-04-11,PENDING,ACTIVE
green Go Taq buffer,nPCR,lot0000495573,44.0,1.0,2024-04-11,PENDING,ACTIVE
colorless Go Taq buffer,nPCR,lot0000496754,40.0,1.0,2024-04-11,PENDING,ACTIVE
colorless Go Taq buffer,nPCR,lot0000496754,53.0,1.0,2024-04-11,PENDING,ACTIVE
colorless Go Taq buffer,nPCR,lot0000496754,58.0,1.0,2024-04-11,PENDING,ACTIVE
MgCl2 -25mM,nPCR,lot0000493908,43.0,1.2,2024-04-11,PENDING,ACTIVE
MgCl2 -25mM,nPCR,lot 0000526951,48.0,1.2,2024-04-11,PENDING,ACTIVE
MgCl2 -25mM,nPCR,lot0000493908,27.0,1.2,2024-04-11,PENDING,ACTIVE
GO Taq G2 flexi DNA polymerases 5 u/ul,nPCR,lot 0000502943,40.0,500.0,2024-12-12,PENDING,ACTIVE
HOT Start Taq 2X master mix (500 rxn / vial ),nPCR,10164438.0,2.0,50.0,2024-08-31,PENDING,ACTIVE
dNTP set 4x25 umol,nPCR,lot 011191989,4.0,1.0,2024-05-31,PENDING,ACTIVE
PCR nucleotide mix 10mM,nPCR,lot 0000501649,1.0,200.0,2024-01-04,PENDING,ACTIVE
flexi DNA polymerase,nPCR,LOT-103-NPC,12.0,500.0,2020-09-18,PENDING,ACTIVE
GO Taq G2 flexi DNA polymerases 5u/ul,nPCR,lot 0000395260,18.0,500.0,2022-11-12,PENDING,ACTIVE
Go Taq flexi DNA polymerase,nPCR,LOT-105-NPC,3.0,500.0,2021-10-15,PENDING,ACTIVE
MgCl2 -25mM,nPCR,LOT-106-NPC,15.0,1.2,2021-10-15,PENDING,ACTIVE
green Go Taq buffer,nPCR,LOT-107-NPC,20.0,1.0,2021-10-15,PENDING,ACTIVE
colorless Go Taq buffer,nPCR,LOT-108-NPC,20.0,1.0,2021-10-15,PENDING,ACTIVE
NPCR components (Go Taq),nPCR,LOT-109-NPC,13.0,1 unit,2020-09-18,PENDING,ACTIVE
Flexi Go Taq DNA polymerase,nPCR,M7808,1.0,1 unit,2024-04-11,PENDING,ACTIVE
F-Rv+Fw,nPCR,Waybill 7601910116,1.0,1 unit,2026-12-31,PENDING,ACTIVE
O-Rv+Fw,nPCR,Waybill 7601910116,1.0,1 unit,2026-12-31,PENDING,ACTIVE
M-Rv+Fw,nPCR,Waybill 7601910116,1.0,1 unit,2026-12-31,PENDING,ACTIVE
V-Rv+Fw,nPCR,Waybill 7601910116,1.0,1 unit,2026-12-31,PENDING,ACTIVE
K-Rv+Fw,nPCR,Waybill 7601910116,1.0,1 unit,2026-12-31,PENDING,ACTIVE
P-Rv+Fw,nPCR,Waybill 7601910116,1.0,1 unit,2026-12-31,PENDING,ACTIVE
rCutSmart Buffer,nPCR,10143288.0,1.0,1.25,2025-04-01,PENDING,ACTIVE
rCutSmart Buffer,nPCR,10136929.0,1.0,1.25,2025-02-01,PENDING,ACTIVE
rCutSmart Buffer,nPCR,10111605.0,1.0,1.25,2024-07-01,PENDING,ACTIVE
rCutSmart Buffer,nPCR,10143288.0,1.0,1.25,2025-04-01,PENDING,ACTIVE
gel loading dye purple,nPCR,10131976.0,1.0,0.5,2024-12-01,PENDING,ACTIVE
gel loading dye purple,nPCR,10121393.0,1.0,0.5,2024-09-01,PENDING,ACTIVE
gel loading dye purple,nPCR,101143287.0,1.0,0.5,2024-03-01,PENDING,ACTIVE
gel loading dye purple,nPCR,10108731.0,1.0,0.5,2024-05-01,PENDING,ACTIVE
NEBuffer,nPCR,10132773.0,1.0,1.25,2024-12-01,PENDING,ACTIVE
NEBuffer,nPCR,10126635.0,2.0,1.25,2024-10-01,PENDING,ACTIVE
HhaI,nPCR,10139649.0,1.0,0.1,2024-02-01,PENDING,ACTIVE
EcoRI-HF,nPCR,10146054.0,2.0,1.25,2024-03-01,PENDING,ACTIVE
BgI-II,nPCR,10117630.0,1.0,0.2,2023-08-01,PENDING,ACTIVE
Dde-I,nPCR,10115721.0,1.0,0.1,2023-07-01,PENDING,ACTIVE
Pst-I,nPCR,10125466.0,1.0,0.5,2023-11-01,PENDING,ACTIVE
BIO Taq DNA polymerase,nPCR,BT-121111A,20.0,100.0,2023-12-30,PENDING,ACTIVE
"NH4 reaction buffer, MgCl2 free",nPCR,NH-121111A,40.0,1.2,2023-12-30,PENDING,ACTIVE
MgCl2,nPCR,2031.013,20.0,1.2,2023-12-30,PENDING,ACTIVE
RQ1 RNase-Free DNase,Purification (DNARNA),M6101,1.0,1 unit,2016-04-30,PENDING,ACTIVE
"DNase I, RNase-free",Purification (DNARNA),EN0525,15.0,1 unit,2025-06-01,PENDING,ACTIVE
RNase inhibitor,Purification (DNARNA),N8080119,5.0,1 unit,2019-07-01,PENDING,ACTIVE
RNase inhibitor,Purification (DNARNA),N8080119,1.0,1 unit,2017-08-01,PENDING,ACTIVE
High capacity cDNA Reverse T kit,RT-qPCR,1408161.0,1.0,1 unit,2015-06-23,PENDING,ACTIVE
One step RT-qPCR kit 2500rxn,RT-qPCR,#10075777,1.0,1 unit,2022-04-01,PENDING,ACTIVE
One step RT-qPCR kit 500rxn,RT-qPCR,#0091802,1.0,1 unit,2019-08-01,PENDING,ACTIVE
One step RT-SuperMix kit 25rxn,RT-qPCR,#0011802,1.0,1 unit,2020-02-01,PENDING,ACTIVE
"Luna warm start RT enzyme mix, 20x conc",RT-qPCR,#M3002L,1.0,used,2019-08-31,PENDING,ACTIVE
Luna universal probe 1 step reaction mix 2x conc,RT-qPCR,#M3006S,1.0,1.0,2020-01-30,PENDING,ACTIVE
GO Taq PCR master mix 2X c0nc,RT-qPCR,lot 00000317828,2.0,used,2020-05-28,PENDING,ACTIVE
MQ,RT-qPCR,lot 0051711,1.0,1.5,2020-11-30,PENDING,ACTIVE
"Luna One step RT-qPCR kit 2,500 rxn",RT-qPCR,"Lot 10056462, E3006E",2.0,1 unit,2021-04-30,PENDING,ACTIVE
"Luna One step RT-qPCR kit 2,500 rxn",RT-qPCR,"Lot 10075777, E3006E",2.0,1 unit,2022-04-30,PENDING,ACTIVE
"Luna One step RT-qPCR kit 2,500 rxn",RT-qPCR,"Lot 10148701, E3006E",6.0,1 unit,2024-01-30,PENDING,ACTIVE
"Luna One step RT-qPCR kit 2,500 rxn",RT-qPCR,"Lot 10145202, E3006E",6.0,1 unit,2024-01-30,PENDING,ACTIVE
High capacity cDNA rt kit,RT-qPCR,LOT-14-RT-,1.0,1.0,2023-01-31,PENDING,ACTIVE
UD2-R_2_P.PIGNATELL,Primers,LOT-2-PRI,1.0,1 unit,2022-08-09,PENDING,ACTIVE
St-F_2_P.PIGNATELL,Primers,LOT-3-PRI,1.0,1 unit,2022-08-09,PENDING,ACTIVE
U5.8S-F_2_P.PIGNATELL,Primers,LOT-4-PRI,1.0,1 unit,2022-08-09,PENDING,ACTIVE
ITS2-steph-R_P.PIGNATELL,Primers,LOT-5-PRI,1.0,1 unit,2021-07-26,PENDING,ACTIVE
ITS2A_P.PIGNATELL,Primers,LOT-6-PRI,1.0,1 unit,2021-07-26,PENDING,ACTIVE
ITS2B_mod2_P.PIGNATELL,Primers,LOT-7-PRI,1.0,1 unit,2021-07-26,PENDING,ACTIVE
OVM_115402_C8,Primers,LOT-8-PRI,1.0,1 unit,2026-12-31,PENDING,ACTIVE
OVM_115394_C4,Primers,LOT-9-PRI,1.0,1 unit,2026-12-31,PENDING,ACTIVE
Pfr364af_fw,Primers,SY210235775-59,1.0,1 unit,2026-12-31,PENDING,ACTIVE
Pfr364af_rb,Primers,SY210235775-60,1.0,1 unit,2026-12-31,PENDING,ACTIVE
Pvdhfrv_fw,Primers,SY210235775-61,1.0,1 unit,2026-12-31,PENDING,ACTIVE
Pvdhfrv_rv,Primers,SY210235775-62,1.0,1 unit,2026-12-31,PENDING,ACTIVE
Hrp2 exon 2 fwd,Primers,AD1770,1.0,1 unit,2022-01-31,PENDING,ACTIVE
Hrp2 exon 2 rev,Primers,AD1770,1.0,1 unit,2022-01-31,PENDING,ACTIVE
Hrp3 rev,Primers,AD1770,1.0,1 unit,2022-01-31,PENDING,ACTIVE
Hrp3 fwd,Primers,AD1770,1.0,1 unit,2022-01-31,PENDING,ACTIVE
Trna rev,Primers,AD1770,1.0,1 unit,2022-01-31,PENDING,ACTIVE
Trna fwd,Primers,AD1770,1.0,1 unit,2022-01-31,PENDING,ACTIVE
Hrp2 exon 2 probe,Primers,MH1770,1.0,1 unit,2022-01-29,PENDING,ACTIVE
Hrp2 probe,Primers,MAH1703,1.0,1 unit,2022-02-17,PENDING,ACTIVE
Hrp3 probe,Primers,MAH1703,1.0,1 unit,2022-02-17,PENDING,ACTIVE
Trna probe,Primers,MH1770,1.0,1 unit,2022-02-02,PENDING,ACTIVE
Pvmsp2_n_rev,Primers,D1770,1.0,1 unit,2022-02-05,PENDING,ACTIVE
Pvmsp2_p_fwd,Primers,D1770,1.0,1 unit,2022-02-05,PENDING,ACTIVE
Pvmsp2_n_fwd,Primers,MD1770,1.0,1 unit,2022-01-28,PENDING,ACTIVE
Pvmsp2_p_rev,Primers,D1770,1.0,1 unit,2022-02-05,PENDING,ACTIVE
Pvmsp1f3_p_rev,Primers,D1770,1.0,1 unit,2022-02-09,PENDING,ACTIVE
Pvmsp1f3_n_fwd,Primers,MD1770,1.0,1 unit,2022-01-28,PENDING,ACTIVE
Pvmsp1f3_p_fwd,Primers,D1770,1.0,1 unit,2022-02-09,PENDING,ACTIVE
Pvmsp1f3_n_rev,Primers,D1770,1.0,1 unit,2022-02-05,PENDING,ACTIVE
Msp2_s1 tail_fwd,Primers,D1770,1.0,1 unit,2022-02-05,PENDING,ACTIVE
Msp2_fc27_m5_rev,Primers,MD1770,1.0,1 unit,2022-01-28,PENDING,ACTIVE
Msp2_3d7_n5_rev,Primers,MD1770,1.0,1 unit,2022-01-28,PENDING,ACTIVE
Pfmsp2_s2_fw,Primers,D1770,1.0,1 unit,2022-02-05,PENDING,ACTIVE
Pfmsp2_s3_rv,Primers,D1770,1.0,1 unit,2022-02-05,PENDING,ACTIVE
ed protein (hyp8) rv,Primers,SY141046069_051,1.0,1 unit,2026-12-31,PENDING,ACTIVE
563ct_rv,Primers,SY170510118_082,1.0,1 unit,2026-12-31,PENDING,ACTIVE
rPLU3,Primers,SY160346397_001,1.0,1 unit,2026-12-31,PENDING,ACTIVE
rPLU4,Primers,SY160346397_002,1.0,1 unit,2026-12-31,PENDING,ACTIVE
TARE_2_fw,Primers,SY160400313_064,1.0,1 unit,2026-12-31,PENDING,ACTIVE
TARE_2_rv,Primers,SY160400429_064,1.0,1 unit,2026-12-31,PENDING,ACTIVE
RESA rv,Primers,SY141046070_029,1.0,1 unit,2026-12-31,PENDING,ACTIVE
RESA fw,Primers,SY141046069_050,1.0,1 unit,2026-12-31,PENDING,ACTIVE
Pfs25_fw,Primers,SY141046069_053,1.0,1 unit,2026-12-31,PENDING,ACTIVE
rPLU1,Primers,SY160346395_001,1.0,1 unit,2026-12-31,PENDING,ACTIVE
376AG fw,Primers,SY170510118_079,1.0,1 unit,2026-12-31,PENDING,ACTIVE
376AG rv,Primers,SY170510118_080,1.0,1 unit,2026-12-31,PENDING,ACTIVE
Pv18s_ fw,Primers,SY141109041_084,1.0,1 unit,2026-12-31,PENDING,ACTIVE
Pv18s_ rv,Primers,SY141109041_085,1.0,1 unit,2026-12-31,PENDING,ACTIVE
Pmal_qPCR_ fw,Primers,SY160346349_012,1.0,1 unit,2026-12-31,PENDING,ACTIVE
Pmal_qPCR_ rv,Primers,SY160346395_013,1.0,1 unit,2026-12-31,PENDING,ACTIVE
Pova_qPCR_fw,Primers,SY160346395_014,1.0,1 unit,2026-12-31,PENDING,ACTIVE
Pova_qPCR_rv,Primers,SY160400429_062,1.0,1 unit,2026-12-31,PENDING,ACTIVE
PgMET_fw,Primers,SY160346349_008,1.0,1 unit,2026-12-31,PENDING,ACTIVE
PgMET_rw,Primers,SY160346349_009,1.0,1 unit,2026-12-31,PENDING,ACTIVE
Pvs25 fw,Primers,SY141109041_088,1.0,1 unit,2026-12-31,PENDING,ACTIVE
Pvs25 rev,Primers,SY141109041_089,1.0,1 unit,2026-12-31,PENDING,ACTIVE
QMAL fw,Primers,SY160400429_061,1.0,1 unit,2026-12-31,PENDING,ACTIVE
QMAL rv,Primers,SY160346349_004,1.0,1 unit,2026-12-31,PENDING,ACTIVE
QMAL fw,Primers,SY141109041_086,1.0,1 unit,2026-12-31,PENDING,ACTIVE
QMAL rv,Primers,SY141109041_087,1.0,1 unit,2026-12-31,PENDING,ACTIVE
Pfs230p_fw,Primers,SY141046069_052,1.0,1 unit,2026-12-31,PENDING,ACTIVE
Pfs230p_rv,Primers,SY141046070_031,1.0,1 unit,2026-12-31,PENDING,ACTIVE
varATS_fw,Primers,SY160400313_063,1.0,1 unit,2026-12-31,PENDING,ACTIVE
varATS_rv,Primers,SY160346395_012,1.0,1 unit,2026-12-31,PENDING,ACTIVE
varATS_fw,Primers,WD08634541_014,1.0,1 unit,2026-12-31,PENDING,ACTIVE
varATS_rv,Primers,WD08634540_014,1.0,1 unit,2026-12-31,PENDING,ACTIVE
Pf18S RV 100uM,Primers,SY210235914-029,1.0,stock,2026-12-31,PENDING,ACTIVE
PV18S FW MPX 100uM,Primers,SY220912970-027,1.0,stock,2026-12-31,PENDING,ACTIVE
Pf18S probe 100uM,Primers,4316034.0,1.0,stock,2026-12-31,PENDING,ACTIVE
Pv18S MPX 100uM,Primers,12444454.0,1.0,stock,2026-12-31,PENDING,ACTIVE
PV18S RV 100uM,Primers,SY220912974-066,1.0,stock,2026-12-31,PENDING,ACTIVE
Pf18s FW 100uM,Primers,SY210235914-028,1.0,stock,2026-12-31,PENDING,ACTIVE
PV25 probe 5.3 nMol,Primers,1123959.0,1.0,lyophilized,2026-12-31,PENDING,ACTIVE
PfMDR1 probe 5.1 nMol,Primers,1215264.0,1.0,lyophilized,2026-12-31,PENDING,ACTIVE
Beta TT probe 5.2 nMol,Primers,1215263-2,1.0,lyophilized,2026-12-31,PENDING,ACTIVE
Pf plasmepsin2 probe 5.3 nMol,Primers,1215265.0,1.0,lyophilized,2026-12-31,PENDING,ACTIVE
Viv f(shako),Primers,SY220132077-006,1.0,stock,2026-12-31,PENDING,ACTIVE
Fal-F(shako),Primers,SY220132077-015,1.0,stock,2026-12-31,PENDING,ACTIVE
Pf18S shoko probe 5.3 nMOL,Primers,1210163.0,1.0,stock,2026-12-31,PENDING,ACTIVE
Pv18s SHOKO probe,Primers,1210164.0,1.0,stock,2026-12-31,PENDING,ACTIVE
Plasmo rev 100UM Shoko (for Pv- Pf mpx),Primers,LOT-86-PRI,1.0,stock,2026-12-31,PENDING,ACTIVE
Pv 18S REV,Primers,SY211215612-039,1.0,stock,2026-12-31,PENDING,ACTIVE
Pv-25 Fw,Primers,SY210235914-032,1.0,1 unit,2026-12-31,PENDING,ACTIVE
Pv-25 Rev,Primers,SY170510116-060,1.0,1 unit,2026-12-31,PENDING,ACTIVE
Pv-25 Rv,Primers,SY210235914-033,1.0,1 unit,2026-12-31,PENDING,ACTIVE
Pvs25 Fw,Primers,SY170510116-059,1.0,1 unit,2026-12-31,PENDING,ACTIVE
Pv-18s new short,Primers,SY210235775-056,1.0,1 unit,2026-12-31,PENDING,ACTIVE
Pf-18s- DNA-Rv,Primers,SY170510115-068,1.0,1 unit,2026-12-31,PENDING,ACTIVE
Pf-18s- DNA-Fw,Primers,SY170510115-067,1.0,1 unit,2026-12-31,PENDING,ACTIVE
StD2,Primers,202301725.0,1.0,300ul,2026-12-31,PENDING,ACTIVE
GATA-1F,Primers,202301690.0,1.0,1000ul,2026-12-31,PENDING,ACTIVE
GATA-1R,Primers,202301691.0,1.0,1000ul,2026-12-31,PENDING,ACTIVE
hrp2-Exon-FW,Primers,202301692.0,1.0,600ul,2026-12-31,PENDING,ACTIVE
tRNA-FW,Primers,202301694.0,1.0,600ul,2026-12-31,PENDING,ACTIVE
hrp3-FW,Primers,202301696.0,1.0,600ul,2026-12-31,PENDING,ACTIVE
uq-R,Primers,202301721.0,1.0,600ul,2026-12-31,PENDING,ACTIVE
UD2-R,Primers,202301719.0,1.0,600ul,2026-12-31,PENDING,ACTIVE
St-F,Primers,202301718.0,1.0,600ul,2026-12-31,PENDING,ACTIVE
StD2-R,Primers,202301720.0,1.0,600ul,2026-12-31,PENDING,ACTIVE
us-85-F,Primers,202301722.0,1.0,600ul,2026-12-31,PENDING,ACTIVE
st-F,Primers,202301723.0,1.0,600ul,2026-12-31,PENDING,ACTIVE
UD2-R,Primers,202301724.0,1.0,600ul,2026-12-31,PENDING,ACTIVE
tRNA-Rv,Primers,202301695.0,1.0,600ul,2026-12-31,PENDING,ACTIVE
hrp2-Exon2-RV,Primers,202301693.0,1.0,600ul,2026-12-31,PENDING,ACTIVE
HumTuBB-R,Primers,202301712.0,1.0,600ul,2026-12-31,PENDING,ACTIVE
Uq-R,Primers,202301716.0,1.0,600ul,2026-12-31,PENDING,ACTIVE
U5.8S-F,Primers,202301717.0,1.0,600ul,2026-12-31,PENDING,ACTIVE
Pfldh-F,Primers,202301709.0,1.0,600ul,2026-12-31,PENDING,ACTIVE
Pfldh-R,Primers,202301710.0,1.0,1200ul,2026-12-31,PENDING,ACTIVE
HumTubBB-F,Primers,202301711.0,1.0,900ul,2026-12-31,PENDING,ACTIVE
stq-F,Primers,202301713.0,1.0,1200.0,2026-12-31,PENDING,ACTIVE
stq-R,Primers,202301714.0,1.0,900ul,2026-12-31,PENDING,ACTIVE
uq-F,Primers,202301715.0,1.0,1200.0,2026-12-31,PENDING,ACTIVE
Pf Hrp3-R2,Primers,202301708.0,1.0,1 unit,2026-12-31,PENDING,ACTIVE
Hrp3-Rv,Primers,202301697.0,1.0,1 unit,2026-12-31,PENDING,ACTIVE
PfHrp2-F1,Primers,202301698.0,1.0,1 unit,2026-12-31,PENDING,ACTIVE
PfHrp2-R3,Primers,202301703.0,1.0,1 unit,2026-12-31,PENDING,ACTIVE
PfHrp2-F2,Primers,202301699.0,1.0,1 unit,2026-12-31,PENDING,ACTIVE
PfHrp3-R1,Primers,202301705.0,1.0,1 unit,2026-12-31,PENDING,ACTIVE
PfHrp2-R2,Primers,202301702.0,1.0,1 unit,2026-12-31,PENDING,ACTIVE
Pf Hrp3-F1,Primers,202301704.0,1.0,1 unit,2026-12-31,PENDING,ACTIVE
Pf Hrp3-P1,Primers,202301706.0,1.0,1 unit,2026-12-31,PENDING,ACTIVE
PfHrp2-R1,Primers,202301701.0,1.0,1 unit,2026-12-31,PENDING,ACTIVE
PfHrp3-F2,Primers,202301707.0,1.0,1 unit,2026-12-31,PENDING,ACTIVE
PfHrp2-F3,Primers,202301700.0,1.0,1 unit,2026-12-31,PENDING,ACTIVE
Pfhrp3_F2,Primers,LOT-132-PRI,1.0,1 unit,2026-12-31,PENDING,ACTIVE
Pfhrp3_R2,Primers,LOT-133-PRI,1.0,1 unit,2026-12-31,PENDING,ACTIVE
GATA-MT-probe,Primers,202301726.0,1.0,300ul,2026-12-31,PENDING,ACTIVE
GATA-WT-probe,Primers,202301727.0,1.0,600ul,2026-12-31,PENDING,ACTIVE
2-probe,Primers,202301728.0,1.0,600ul,2026-12-31,PENDING,ACTIVE
tRNA-probe,Primers,202301729.0,1.0,900ul,2026-12-31,PENDING,ACTIVE
hrp3-probe,Primers,202301730.0,1.0,600ul,2026-12-31,PENDING,ACTIVE
Pfhrp2-probe,Primers,202301734.0,1.0,600ul,2026-12-31,PENDING,ACTIVE
Pfidh-probe,Primers,202301736.0,1.0,600ul,2026-12-31,PENDING,ACTIVE
Pfhrp3-probe,Primers,202301735.0,1.0,300ul,2026-12-31,PENDING,ACTIVE
Stq-P probe,Primers,202301738.0,1.0,600ul,2026-12-31,PENDING,ACTIVE
Uq-P probe,Primers,202301739.0,1.0,600ul,2026-12-31,PENDING,ACTIVE
HumanTuBB-P probe,Primers,202301737.0,1.0,300ul,2026-12-31,PENDING,ACTIVE
Pfhrp3_probe,Primers,LOT-146-PRI,1.0,1 unit,2026-12-31,PENDING,ACTIVE
Pf18s-Fw (Nij),Primers,SY141046070-026,1.0,1 unit,2026-12-31,PENDING,ACTIVE
Pv18s-Fw,Primers,HA12009691-004,1.0,1 unit,2026-12-31,PENDING,ACTIVE
Pv18s-fw,Primers,SY160400004-003,1.0,1 unit,2026-12-31,PENDING,ACTIVE
Pf18s-Rv (Nij),Primers,SY141046070-027,1.0,1 unit,2026-12-31,PENDING,ACTIVE
Pv18s-rv,Primers,SY160400004-004,1.0,1 unit,2026-12-31,PENDING,ACTIVE
PfMGET-fw,Primers,SY210235775-057,1.0,1 unit,2026-12-31,PENDING,ACTIVE
PfMGET-Rv,Primers,SY210235914-034,1.0,1 unit,2026-12-31,PENDING,ACTIVE
PfMGET- FW,Primers,HA12009709-001,1.0,1 unit,2026-12-31,PENDING,ACTIVE
PfMGET- Rev multiplex,Primers,HA12009710-001,1.0,1 unit,2026-12-31,PENDING,ACTIVE
Pf18s-RNA-fw,Primers,SY160346395-003,1.0,1 unit,2026-12-31,PENDING,ACTIVE
Pv18s -fw,Primers,HA12009691-005,1.0,1 unit,2026-12-31,PENDING,ACTIVE
Pv18s-Rv,Primers,SY190439581-070,1.0,1 unit,2026-12-31,PENDING,ACTIVE
Pv18s-Rv,Primers,SY210235914-031,1.0,1 unit,2026-12-31,PENDING,ACTIVE
Pv18s-fw,Primers,SY210235914-030,1.0,1 unit,2026-12-31,PENDING,ACTIVE
Pf18s-RNA-RV,Primers,SY160346395-004,1.0,1 unit,2026-12-31,PENDING,ACTIVE
Pfs25_FW,Primers,SY170810862-004,1.0,1 unit,2026-12-31,PENDING,ACTIVE
Pfs25_Rv,Primers,SY170512151-079,1.0,1 unit,2026-12-31,PENDING,ACTIVE
Pfs25_FW,Primers,SY170512770-066,1.0,1 unit,2026-12-31,PENDING,ACTIVE
Pfs25_Rv,Primers,SY170810862-005,1.0,1 unit,2026-12-31,PENDING,ACTIVE
SBP1-RV,Primers,SY141046070-028,1.0,1 unit,2026-12-31,PENDING,ACTIVE
SBP1-Fw,Primers,SY141046069-049,1.0,1 unit,2026-12-31,PENDING,ACTIVE
Pfs25-Rv,Primers,SY160346395-006,1.0,1 unit,2026-12-31,PENDING,ACTIVE
Pf18s-DNA-RV(Swit),Primers,SY160346395-002,1.0,1 unit,2026-12-31,PENDING,ACTIVE
Pf18s_Nji_RV,Primers,SY170810862-009,1.0,1 unit,2026-12-31,PENDING,ACTIVE
Pf18s-Rv,Primers,HA12009706-006,1.0,1 unit,2026-12-31,PENDING,ACTIVE
Pf18s-DNA-FW(Swit),Primers,SY160346397-011,1.0,1 unit,2026-12-31,PENDING,ACTIVE
Pf18s_Nji_FW,Primers,SY170810862-008,1.0,1 unit,2026-12-31,PENDING,ACTIVE
Pf18s Rev,Primers,HA 12009706-004,1.0,1 unit,2026-12-31,PENDING,ACTIVE
Pf18s for,Primers,HA 12009705-006,1.0,1 unit,2026-12-31,PENDING,ACTIVE
Pv-18s Fw,Primers,SY210125672-052,1.0,1 unit,2026-12-31,PENDING,ACTIVE
Pv-18s Rv,Primers,SY210125672-053,1.0,1 unit,2026-12-31,PENDING,ACTIVE
CCp4 Rev,Primers,HA12009708-001,1.0,1 unit,2026-12-31,PENDING,ACTIVE
CCp4 Fw,Primers,HA12009707-001,1.0,1 unit,2026-12-31,PENDING,ACTIVE
Pfs25-FW,Primers,SY160346349-006,1.0,1 unit,2026-12-31,PENDING,ACTIVE
PfMGET probe (FAM),Primers,Lot 1123957,1.0,1 unit,2026-12-31,PENDING,ACTIVE
CCP4 probe TEXAS-RED),Primers,Lot 1123958,1.0,1 unit,2026-12-31,PENDING,ACTIVE
Pvs25 probe (FAM),Primers,Lot 180726TDP124,1.0,1 unit,2026-12-31,PENDING,ACTIVE
Pv18s probe (HEX),Primers,Lot 1007970,1.0,1 unit,2026-12-31,PENDING,ACTIVE
Pvs25 probe (FAM),Primers,Lot 170805TDP027,1.0,1 unit,2026-12-31,PENDING,ACTIVE
Pv18s probe (FAM),Primers,LOT-187-PRI,1.0,1 unit,2026-12-31,PENDING,ACTIVE
Pvs25 probe (FAM),Primers,170808TDP028,1.0,1 unit,2026-12-31,PENDING,ACTIVE
"ITS2B-mod2, 20.5nmol",Primers,LOT-189-PRI,1.0,1 unit,2026-12-31,PENDING,ACTIVE
"PAR, 24.7nmol",Primers,LOT-190-PRI,1.0,1 unit,2026-12-31,PENDING,ACTIVE
"UN, 19.8nmol",Primers,LOT-191-PRI,1.0,1 unit,2026-12-31,PENDING,ACTIVE
"Stq-F, 21.2nmol",Primers,LOT-192-PRI,1.0,1 unit,2026-12-31,PENDING,ACTIVE
"LESS, 22.8",Primers,LOT-193-PRI,1.0,1 unit,2026-12-31,PENDING,ACTIVE
"RIV,23.0 nmol",Primers,LOT-194-PRI,1.0,1 unit,2026-12-31,PENDING,ACTIVE
"UD2, 22.3nmol",Primers,LOT-195-PRI,1.0,1 unit,2026-12-31,PENDING,ACTIVE
"VAN, 22.5nmol",Primers,LOT-196-PRI,1.0,1 unit,2026-12-31,PENDING,ACTIVE
"FUN,19.9nmol",Primers,LOT-197-PRI,1.0,1 unit,2026-12-31,PENDING,ACTIVE
"ITS2A, 19.5nmol",Primers,LOT-198-PRI,1.0,1 unit,2026-12-31,PENDING,ACTIVE
"ITS2-steph-R, 22.2nmol",Primers,LOT-199-PRI,1.0,1 unit,2026-12-31,PENDING,ACTIVE
U5.8S-F,Primers,LOT-200-PRI,1.0,1 unit,2026-12-31,PENDING,ACTIVE
02Ga FW 100uM,Primers,SY160424887-074,1.0,stock,2026-12-31,PENDING,ACTIVE
63CT FW 100 uM,Primers,SY160424887-076,1.0,stock,2026-12-31,PENDING,ACTIVE
02GA RV 100 uM,Primers,SY160424887-075,1.0,stock,2026-12-31,PENDING,ACTIVE
63CT RV 100 uM,Primers,SY160424887-077,1.0,stock,2026-12-31,PENDING,ACTIVE
76AG FW 100uM,Primers,SY160424887-078,1.0,stock,2026-12-31,PENDING,ACTIVE
76AG RV 100uM,Primers,SY160424887-079,1.0,stock,2026-12-31,PENDING,ACTIVE
N1RPFMDR1034 100UM,Primers,SY150 83 5588-057,1.0,stock,2026-12-31,PENDING,ACTIVE
N2FPFMDR1034 100UM,Primers,SY150 83 5588-058,1.0,stock,2026-12-31,PENDING,ACTIVE
N1FPFMDR1034,Primers,SY150 83 5588-056,1.0,stock,2026-12-31,PENDING,ACTIVE
N2RPFMDR1034,Primers,SY150 83 5588-059,1.0,stock,2026-12-31,PENDING,ACTIVE
N1FPFMDR86 100UM,Primers,SY150 83 5588-052,1.0,stock,2026-12-31,PENDING,ACTIVE
N1RPFMDR86 100UM,Primers,SY150 83 5588-053,1.0,stock,2026-12-31,PENDING,ACTIVE
N2FPFMDR86 100UM,Primers,SY150 83 5588-054,1.0,stock,2026-12-31,PENDING,ACTIVE
N2RPFMDR86 100UM,Primers,SY150 83 5588-055,1.0,stock,2026-12-31,PENDING,ACTIVE
Ovis F 134.9 nMol (Sheep),Primers,232299033.0,1.0,lyophilized,2022-05-25,PENDING,ACTIVE
Can 2F 125 nMol,Primers,232299039.0,1.0,lyophilized,2022-05-25,PENDING,ACTIVE
ME (1) 143.5 nMol,Primers,232299068.0,1.0,lyophilized,2022-05-25,PENDING,ACTIVE
CAN 2R (2) 161.6 nMol,Primers,232299100.0,1.0,lyophilized,2022-05-25,PENDING,ACTIVE
UN (1) 139.8 nMol,Primers,232299064.0,1.0,lyophilized,2022-05-25,PENDING,ACTIVE
Ovis 2R (2) 140.4 nMol (sheep),Primers,232299088.0,1.0,lyophilized,2022-05-25,PENDING,ACTIVE
Hmn F (2) 126.3 nMol,Primers,232299094.0,1.0,lyophilized,2022-05-25,PENDING,ACTIVE
AR (1) 130.4 nMol,Primers,232299070.0,1.0,lyophilized,2022-05-25,PENDING,ACTIVE
Sus F 145.9 nMol,Primers,232299031.0,1.0,lyophilized,2022-05-25,PENDING,ACTIVE
Bos 2F (2) 149nMol,Primers,232299079.0,1.0,lyophilized,2022-05-25,PENDING,ACTIVE
Bos 2R 122.2 nMol,Primers,232299030.0,1.0,lyophilized,2022-05-25,PENDING,ACTIVE
Hmn R (1) 145.5 nMol,Primers,232299095.0,1.0,lyophilized,2022-05-25,PENDING,ACTIVE
Sus R (2) 147.5 nMol,Primers,232299085.0,1.0,lyophilized,2022-05-25,PENDING,ACTIVE
ITS 2A(2) 125.7nMol,Primers,232299052.0,1.0,lyophilized,2022-05-25,PENDING,ACTIVE
ITS2-Steph-R(2) 143.2 nMol,Primers,232299058.0,1.0,lyophilized,2022-05-25,PENDING,ACTIVE
GA 170.3 nMol,Primers,232299023.0,1.0,lyophilized,2022-05-25,PENDING,ACTIVE
Hco2 198 (1) 113.7 nMol,Primers,232299076.0,1.0,lyophilized,2022-05-25,PENDING,ACTIVE
LCO 1490(2) 99.7 nMol,Primers,232299075.0,1.0,lyophilized,2022-05-25,PENDING,ACTIVE
S200x6.1-F 132.3 nMol,Primers,232299020.0,1.0,lyophilized,2022-05-25,PENDING,ACTIVE
Cap3R 126.8 nMol,Primers,232299036.0,1.0,lyophilized,2022-05-25,PENDING,ACTIVE
plsR (revers primer)(1) 644.4 nMol,Primers,232299103.0,1.0,lyophilized,2022-05-25,PENDING,ACTIVE
S200X6.1-R(2) 157.2 nMol,Primers,232299063.0,1.0,lyophilized,2022-05-25,PENDING,ACTIVE
PlsF(forward primer)(1) 738.6 nMol,Primers,232299101.0,1.0,lyophilized,2022-05-25,PENDING,ACTIVE
Cap3F 136.8 nMol,Primers,232299035.0,1.0,lyophilized,2022-05-25,PENDING,ACTIVE
QD(1) 134.9 nMol,Primers,232299072.0,1.0,lyophilized,2022-05-25,PENDING,ACTIVE
N1RPFmdr86 41.9.nMol,Primers,SY170510118-085,1.0,lyophilized,2026-12-31,PENDING,ACTIVE
N2RPVmdr1 76.4.nMol,Primers,SY150835588-063,1.0,lyophilized,2026-12-31,PENDING,ACTIVE
N1RPFcrt 41.1 nMol,Primers,SY170510115-071,1.0,lyophilized,2026-12-31,PENDING,ACTIVE
N1FPFmdr86 47.0.nMol,Primers,SY170510118-084,1.0,lyophilized,2026-12-31,PENDING,ACTIVE
N2RPFmdr1034 43.9 nMol,Primers,SY170510116-067,1.0,lyophilized,2026-12-31,PENDING,ACTIVE
N2FPFmdr 1034 61.5 nMol,Primers,SY170510116-066,1.0,lyophilized,2026-12-31,PENDING,ACTIVE
N2 FPFmdr86 39.1nMol,Primers,SY170510118-086,1.0,lyophilized,2026-12-31,PENDING,ACTIVE
N2FPFcrt 40.6nMol,Primers,SY170510118-083,1.0,lyophilized,2026-12-31,PENDING,ACTIVE
N1RPVmdr1 77.7nMol,Primers,SY150835588-061,1.0,lyophilized,2026-12-31,PENDING,ACTIVE
N1FPVmdr1 75.5nMol,Primers,SY150835588-060,1.0,lyophilized,2026-12-31,PENDING,ACTIVE
N1RPFmdr1034 61.2 nMol,Primers,SY170510118-065,1.0,lyophilized,2026-12-31,PENDING,ACTIVE
N2FPVmdr1 60.9nMol,Primers,SY150835588-062,1.0,lyophilized,2026-12-31,PENDING,ACTIVE
MDR3 (sense) for PFMDR1,Primers,MRA-528,1.0,lyophilized,2026-12-31,PENDING,ACTIVE
MDR4 (anti-sense) for PFMDR1,Primers,MRA-529,1.0,lyophilized,2026-12-31,PENDING,ACTIVE
MDR3 (sence),Primers,MRA-247,1.0,lyophilized,2026-12-31,PENDING,ACTIVE
PV-25 FW,Primers,SY210125672-055,1.0,stock,2026-12-31,PENDING,ACTIVE
PV-25 RV,Primers,SY210125672-056,1.0,stock,2026-12-31,PENDING,ACTIVE
CCp4 FW,Primers,SY221026392-054,1.0,stock,2026-12-31,PENDING,ACTIVE
PF MGET,Primers,SY221026392-056,1.0,stock,2026-12-31,PENDING,ACTIVE
CCp4RV,Primers,SY2102235775-058,1.0,stock,2026-12-31,PENDING,ACTIVE
CCp4 RV,Primers,SY221026392-055,1.0,stock,2026-12-31,PENDING,ACTIVE
CCp4 FW,Primers,SY210235914-035,1.0,stock,2026-12-31,PENDING,ACTIVE
Pf MGET RV,Primers,SY221026392-057,1.0,stock,2026-12-31,PENDING,ACTIVE
CCp4 probe,Primers,180726TDP122-,1.0,stock,2026-12-31,PENDING,ACTIVE
Pf MGET probe,Primers,180726tdp123,1.0,stock,2026-12-31,PENDING,ACTIVE
M1-RR primer 2.5 nMol,Primers,MRA-215,1.0,lyophilized,2026-12-31,PENDING,ACTIVE
M1-RF primer 2.5 nMol,Primers,MRA-214,1.0,lyophilized,2026-12-31,PENDING,ACTIVE
MGET FW 50uM,Primers,LOT-267-PRI,1.0,working,2026-12-31,PENDING,ACTIVE
MGET RV 50uM,Primers,LOT-268-PRI,1.0,working,2026-12-31,PENDING,ACTIVE
CCp4 forward reverse 50uM,Primers,LOT-269-PRI,1.0,working,2026-12-31,PENDING,ACTIVE
CCp4 forward  50uM,Primers,LOT-270-PRI,1.0,working,2026-12-31,PENDING,ACTIVE
CCp4 reverse 50uM,Primers,LOT-271-PRI,1.0,working,2026-12-31,PENDING,ACTIVE
HumTuBB RV 100mM,Conventional PCR,SY160346349-011,1.0,stock (100mM),2026-12-31,PENDING,ACTIVE
HumTuBB FW 100mM,Conventional PCR,SY160346349-011,1.0,stock (100mM),2026-12-31,PENDING,ACTIVE
COX1 Plasmo F,Conventional PCR,LOT-4-CON,1.0,stock (100mM),2026-12-31,PENDING,ACTIVE
COX1 Plasmo R,Conventional PCR,LOT-5-CON,1.0,stock (100mM),2026-12-31,PENDING,ACTIVE
Cow 121 F,Conventional PCR,Sy191013327-024,1.0,stock (100mM),2026-12-31,PENDING,ACTIVE
Dog 368 F,Conventional PCR,SY191013327-023,1.0,stock (100mM),2026-12-31,PENDING,ACTIVE
Human 741 F,Conventional PCR,SY191013327-021,1.0,stock (100mM),2026-12-31,PENDING,ACTIVE
Pig 573 F,Conventional PCR,SY191013327-020,1.0,stock (100mM),2026-12-31,PENDING,ACTIVE
Got 894 F,Conventional PCR,SY191013327-022,1.0,stock (100mM),2026-12-31,PENDING,ACTIVE
UnRev1025,Conventional PCR,SY191013327-019,1.0,stock (100mM),2026-12-31,PENDING,ACTIVE
100 bp ladder (ready made),DNA ladder,lot 0531608,7.0,1.25,2018-08-31,PENDING,ACTIVE
"Ultera low range DNAladder, 0.5ug/ul",DNA ladder,Lot 00590528,2.0,1 unit,2019-11-30,PENDING,ACTIVE
"Trakit cyan/yellow loading buffer, 6x",DNA ladder,Lot 00590814,4.0,0.5,2019-12-01,PENDING,ACTIVE
"Ultera low range DNAladder, 0.5ug/ul (used)",DNA ladder,Lot 00590528,3.0,Used,2019-11-30,PENDING,ACTIVE
100bp DNA ladder,DNA ladder,lot 0000370569,9.0,250.0,2025-02-04,PENDING,ACTIVE
blue/orange loading day 6X conc,DNA ladder,lot 0000378914,8.0,1.0,2025-02-04,PENDING,ACTIVE
gel loading dye purple 6X conc,DNA ladder,B7024A,1.0,0.5,2024-01-30,PENDING,ACTIVE
gel loading dye Blue/orange 6X conc,DNA ladder,Ref G190A,1.0,1.0,2025-07-03,PENDING,ACTIVE
100bp DNA lader with loadind dye(Blue/orange 6x),DNA ladder,Ref G2101,1.0,250.0,2026-09-13,PENDING,ACTIVE
cyan/orange loading buffer,DNA ladder,lot 00642123,2.0,0.2,2026-12-31,PENDING,ACTIVE
50bp DNA ladder,DNA ladder,10416074.0,1.0,50.0,2026-12-31,PENDING,ACTIVE
100bp DNA ladder,DNA ladder,g210a,2.0,1 unit,2026-12-31,PENDING,ACTIVE
5x DNA loading buffer (blue),DNA ladder,2035.011,1.0,1 unit,2026-12-31,PENDING,ACTIVE
blue/orange 6x oading dye,DNA ladder,g190A,5.0,1.0,2017-09-24,PENDING,ACTIVE
ultra low rabge DNA ladder,DNA ladder,10597012.0,1.0,50.0,2026-12-31,PENDING,ACTIVE
1kb + DNA lader,DNA ladder,10787018.0,2.0,250.0,2026-12-31,PENDING,ACTIVE
hyper ladder 100bp 100 lans,DNA ladder,h4-021110a,2.0,1 unit,2026-12-31,PENDING,ACTIVE
primer IPCF -2.5 mM,Mosquito Id,ID 00897,2.0,1.0,2022-02-01,PENDING,ACTIVE
primer west -26uM,Mosquito Id,11138.0,1.0,1.0,2022-02-01,PENDING,ACTIVE
primer WT (west) 25uM,Mosquito Id,11135.0,1.0,1.0,2022-02-01,PENDING,ACTIVE
primer WT (east),Mosquito Id,ID 00874,1.0,1.0,2022-02-01,PENDING,ACTIVE
primer east,Mosquito Id,11137.0,1.0,1.0,2022-02-01,PENDING,ACTIVE
primer ALT rev,Mosquito Id,11134.0,2.0,1.0,2022-02-01,PENDING,ACTIVE
An.gambiae RSP-ST,Mosquito Id,L1040s,1.0,10.0,2020-11-23,PENDING,ACTIVE
An.coluzzii AKDR,Mosquito Id,L1040f,1.0,10.0,2020-11-24,PENDING,ACTIVE
ITS2A (1),Mosquito Id,232299051.0,1.0,lyophilized,2022-05-25,PENDING,ACTIVE
ITS2-Steph-R(1),Mosquito Id,232299057.0,1.0,lyophilized,2022-05-25,PENDING,ACTIVE
QD,Mosquito Id,MRA-336,1.0,lyophilized,2026-12-31,PENDING,ACTIVE
UN,Mosquito Id,MRA-336,2.0,lyophilized,2026-12-31,PENDING,ACTIVE
GA,Mosquito Id,MRA-336,2.0,lyophilized,2026-12-31,PENDING,ACTIVE
AR,Mosquito Id,MRA-336,1.0,lyophilized,2026-12-31,PENDING,ACTIVE
BW,Mosquito Id,MRA-336,1.0,lyophilized,2026-12-31,PENDING,ACTIVE
QDA,Mosquito Id,MRA-336,1.0,lyophilized,2026-12-31,PENDING,ACTIVE
ME,Mosquito Id,MRA-336,1.0,lyophilized,2026-12-31,PENDING,ACTIVE
GA RV,Mosquito Id,Sy190810003-080,1.0,stock (100mM),2026-12-31,PENDING,ACTIVE
AR RV,Mosquito Id,Sy190810003-079,1.0,stock (100mM),2026-12-31,PENDING,ACTIVE
QDA RV,Mosquito Id,Sy190810003-083,1.0,stock (100mM),2026-12-31,PENDING,ACTIVE
ME RV,Mosquito Id,Sy190810003-081,1.0,stock (100mM),2026-12-31,PENDING,ACTIVE
QD RV,Mosquito Id,Sy190810003-082,1.0,stock (100mM),2026-12-31,PENDING,ACTIVE
UN FW,Mosquito Id,Sy190810003-078,1.0,stock (100mM),2026-12-31,PENDING,ACTIVE
IMP-S1,Mosquito Id,Id # 1124,1.0,lyophilized,2026-12-31,PENDING,ACTIVE
QD-3T,Mosquito Id,Id # 1123,1.0,lyophilized,2026-12-31,PENDING,ACTIVE
IMP-UN,Mosquito Id,Id # 1119,1.0,lyophilized,2026-12-31,PENDING,ACTIVE
IMP-M1,Mosquito Id,Id # 1125,1.0,lyophilized,2026-12-31,PENDING,ACTIVE
AR-3T,Mosquito Id,Id # 1120,1.0,lyophilized,2026-12-31,PENDING,ACTIVE
GA-3T,Mosquito Id,Id # 1121,1.0,lyophilized,2026-12-31,PENDING,ACTIVE
ME-3T,Mosquito Id,Id # 1122,1.0,lyophilized,2026-12-31,PENDING,ACTIVE
An. arabiensis Dong 5 F211,Mosquito Id,MRA-856,1.0,1 unit,2026-12-31,PENDING,ACTIVE
"An. merus, Maf F185",Mosquito Id,MRA-1156,1.0,1 unit,2026-12-31,PENDING,ACTIVE
"An. quadriannus, Sangwe, F180",Mosquito Id,MRA-1156,1.0,1 unit,2026-12-31,PENDING,ACTIVE
